"classe","nome","julgamento_data"
"RE","ACORDO GERAL TARIFAS ADUANEIRAS COMERCIO",2010-08-12
"RE","CONVENCAO PREVENCAO REPRESSAO CRIME GENOCIDIO",2006-08-03
"EXT","TRATADO EXTRADICAO BRASIL ITALIA",2010-11-25
"EXT","CONVENCAO NACOES UNIDAS CONTRA CRIME ORGANIZADO TRANSNACIONAL",2009-04-16
"EXT","TRATADO EXTRADICAO BRASIL SUICA",1995-06-07
"ADI","PACTO INTERNACIONAL DIREITOS CIVIS POLITICOS",2008-05-29
"HC","CONVENCAO NACOES UNIDAS CONTRA CRIME ORGANIZADO TRANSNACIONAL",2008-11-18
"HC","CONVENCAO AMERICANA DIREITOS HUMANOS",2008-10-30
"AI","CONVENCAO AMERICANA DIREITOS HUMANOS",2003-08-05
"HC","CONVENCAO AMERICANA DIREITOS HUMANOS",2009-08-04
"HC","CONVENCAO AMERICANA DIREITOS HUMANOS",2009-02-05
"HC","CONVENCAO AMERICANA DIREITOS HUMANOS",2009-12-15
"ADPF","CONVENCAO AMERICANA DIREITOS HUMANOS",2008-08-06
"HC","PACTO INTERNACIONAL DIREITOS CIVIS POLITICOS",2008-10-30
"EXT","CONVENCAO EUROPEIA EXTRADICAO",1995-06-07
"HC","PACTO INTERNACIONAL DIREITOS CIVIS POLITICOS",2009-12-15
"ADPF","PACTO INTERNACIONAL DIREITOS CIVIS POLITICOS",2008-08-06
"ADI","PACTO INTERNACIONAL DIREITOS CIVIS POLITICOS",2007-06-28
"ADPF","CONVENCAO CONTRA TORTURA OUTROS TRATAMENTOS PENAS CRUEIS DESUMANOS DEGRADANTES",2010-04-29
"HC","CONVENCAO CONTRA TRAFICO ILICITO ENTORPECENTES SUBSTANCIAS PSICOTROPICAS",2010-08-10
"AI","CONVENCAO VARSOVIA",2009-10-22
"ADPF","CONVENCAO INTERAMERICANA PREVENIR PUNIR TORTURA",2010-04-29
"ADPF","CONVENCAO IMPRESCRITIBILIDADE CRIMES GUERRA CRIMES CONTRA HUMANIDADE",2010-04-29
"HC","PACTO INTERNACIONAL DIREITOS CIVIS POLITICOS",2009-02-05
"EXT","TRATADO EXTRADICAO BRASIL PORTUGAL",2005-05-25
"EXT","ACORDO BILATERAL BRASIL HOLANDA",2014-10-21
"EXT","ACORDO BILATERAL BRASIL PORTUGAL",2014-10-21
"EXT","ACORDO EXTRADICAO ESTADOS PARTES MERCOSUL",2022-10-10
"EXT","ACORDO EXTRADICAO BRASIL PERU",2023-04-18
"EXT","ACORDO EXTRADICAO ESTADOS PARTES MERCOSUL",2022-09-26
"EXT","ACORDO EXTRADICAO ESTADOS PARTES MERCOSUL",2017-11-21
"EXT","ACORDO EXTRADICAO ESTADOS PARTES MERCOSUL",2019-11-29
"EXT","ACORDO EXTRADICAO ESTADOS PARTES MERCOSUL",2023-03-01
"ADPF","ACORDO PARIS SOB CONVENCAO QUADRO NACOES UNIDAS MUDANCA CLIMA",2022-04-28
"ADPF","ACORDO PARIS SOB CONVENCAO QUADRO NACOES UNIDAS MUDANCA CLIMA",2022-07-04
"RE","ACORDO BRASIL EUA MELHORIA OBSERVANCIA TRIBUTARIA INTERNACIONAL IMPLEMENTACAO FATCA",2019-12-04
"ADI","ACORDO BRASIL EUA INTERCAMBIO INFORMACOES RELATIVAS TRIBUTOS",2016-02-24
"ARE","ACORDO GERAL TARIFAS ADUANEIRAS COMERCIO",2023-07-03
"RMS","ACORDO GERAL TARIFAS ADUANEIRAS COMERCIO",1958-09-01
"RMS","ACORDO GERAL TARIFAS ADUANEIRAS COMERCIO",1961-10-11
"RE","ACORDO GERAL TARIFAS ADUANEIRAS COMERCIO",1977-06-01
"ADI","ACORDO GERAL TARIFAS ADUANEIRAS COMERCIO",2017-08-24
"RE","ACORDO GERAL TARIFAS ADUANEIRAS COMERCIO",2014-07-29
"ADI","ACORDO APLICACAO MEDIDAS SANITARIAS FITOSSANITARIAS",2017-08-24
"ADI","ACORDO BARREIRAS TECNICAS COMERCIO",2017-08-24
"RE","ACORDO SUL AMERICANO ENTORPECENTES PSICOTROPICOS",2017-05-17
"ADI","REGULAMENTO SANITARIO INTERNACIONAL",2020-04-15
"ACO","CONVENCAO NACOES UNIDAS DIREITO MAR",2020-06-22
"ADI","REGULAMENTO SANITARIO INTERNACIONAL",2020-12-17
"ADI","CONVENCAO CONTROLE MOVIMENTOS TRANSFRONTEIRICOS RESIDUOS PERIGOSOS SEU DEPOSITO",2017-08-24
"ADI","REGULAMENTO SANITARIO INTERNACIONAL",2020-05-06
"ADI","CONVENCAO PROCEDIMENTO CONSENTIMENTO PREVIO INFORMADO COMERCIO INTERNACIONAL CERTAS SUBSTANCIAS QUIMICAS AGROTOXICOS PERIGOSOS",2017-08-24
"ACO","TRATADO BRASIL PARAGUAI APROVEITAMENTO HIDRELETRICO RECURSOS HIDRICOS RIO PARANA",2020-09-08
"RE","ACORDO DOCUMENTOS VIAGEM ESTADOS PARTES MERCOSUL ESTADOS ASSOCIADOS",2013-11-26
"EXT","TRATADO EXTRADICAO BRASIL ITALIA",2019-12-17
"RCL","TRATADO EXTRADICAO BRASIL ITALIA",2011-06-08
"ADI","PACTO INTERNACIONAL DIREITOS CIVIS POLITICOS",2020-09-16
"EXT","TRATADO EXTRADICAO BRASIL ESPANHA",2015-09-29
"ADC","CONVENCAO INTERNACIONAL ELIMINACAO TODAS FORMAS DISCRIMINACAO RACIAL",2017-06-08
"EXT","TRATADO EXTRADICAO BRASIL EUA",2015-11-03
"EXT","TRATADO EXTRADICAO BRASIL ITALIA",2022-02-08
"RCL","TRATADO ITAIPU RELACOES TRABALHO PREVIDENCIA SOCIAL BRASIL PARAGUAI",2011-12-15
"ARE","CONVENCAO ELIMINACAO TODAS FORMAS DISCRIMINACAO CONTRA MULHER",2022-05-09
"RE","CONVENCAO ELIMINACAO TODAS FORMAS DISCRIMINACAO CONTRA MULHER",2020-08-05
"ADI","CONVENCAO PREVENCAO POLUICAO MARINHA POR ALIJAMENTO RESIDUOS OUTRAS MATERIAS",2017-08-09
"RE","CONVENCAO DIREITOS CRIANCAS",2020-06-25
"RE","CONVENCAO DIREITOS PESSOAS DEFICIENCIA",2020-08-07
"EXT","CONVENCAO EXTRADICAO ESTADOS MEMBROS COMUNIDADE PAISES LINGUA PORTUGUESA",2020-02-18
"ADPF","CONVENCAO AMERICANA DIREITOS HUMANOS",2022-04-28
"ADC","CONVENCAO AMERICANA DIREITOS HUMANOS",2018-02-28
"ADPF","CONVENCAO AMERICANA DIREITOS HUMANOS",2020-06-29
"ADPF","TRATADO ASSUNCAO",2009-06-24
"RE","CONVENCAO AMERICANA DIREITOS HUMANOS",2017-04-20
"ADI","CONVENCAO DIREITOS PESSOAS DEFICIENCIA",2020-03-03
"ADPF","CONVENCAO AMERICANA DIREITOS HUMANOS",2020-05-29
"HC","CONVENCAO CONTRA TORTURA OUTROS TRATAMENTOS PENAS CRUEIS DESUMANOS DEGRADANTES",2020-10-10
"RE","CONVENCAO INTERNACIONAL ELIMINACAO TODAS FORMAS DISCRIMINACAO RACIAL",2019-02-21
"ADI","CONVENCAO DIREITOS PESSOAS DEFICIENCIA",2020-04-20
"RE","CONVENCAO ELIMINACAO TODAS FORMAS DISCRIMINACAO CONTRA MULHER",2014-11-27
"HC","CONVENCAO IMPRESCRITIBILIDADE CRIMES GUERRA CRIMES CONTRA HUMANIDADE",2003-09-17
"ADI","CONVENCAO UNIVERSAL DIREITO AUTOR REVISAO PARIS 1971",2016-10-27
"ACO","PROTOCOLO ESTATUTO REFUGIADOS",2020-10-13
"RE","ACORDO SUBSIDIOS MEDIDAS COMPENSATORIAS",2014-08-13
"RE","PACTO INTERNACIONAL DIREITOS ECONOMICOS SOCIAIS CULTURAIS",2023-07-03
"ADPF","CONVENCAO AMERICANA DIREITOS HUMANOS",2010-04-29
"ADI","CONVENCAO AMERICANA DIREITOS HUMANOS",2020-05-11
"RE","ACORDO BASICO ASSISTENCIA TECNICA ONU SUAS AGENCIAS ESPECIALIZADAS AIEA",2013-05-15
"AP","CONVENCAO NACOES UNIDAS CONTRA CRIME ORGANIZADO TRANSNACIONAL",2012-12-17
"EXT","CONVENCAO INTERAMERICANA DESAPARECIMENTO FORCADO PESSOAS",2016-11-09
"ACO","CONVENCAO RELATIVA ESTATUTO REFUGIADOS",2020-10-13
"ADPF","CONVENCAO CONTROLE MOVIMENTOS TRANSFRONTEIRICOS RESIDUOS PERIGOSOS SEU DEPOSITO",2021-12-14
"ACO","PROTOCOLO ESTATUTO REFUGIADOS",2020-10-13
"ACO","CONVENCAO RELATIVA ESTATUTO REFUGIADOS",2020-10-13
"ADI","CONVENCAO AMERICANA DIREITOS HUMANOS",2018-03-01
"MI","CONVENCAO INTERNACIONAL ELIMINACAO TODAS FORMAS DISCRIMINACAO RACIAL",2019-06-13
"RE","CONVENCAO AMERICANA DIREITOS HUMANOS",2018-08-15
"ADPF","CONVENCAO CONTROLE MOVIMENTOS TRANSFRONTEIRICOS RESIDUOS PERIGOSOS SEU DEPOSITO",2022-05-23
"ADI","PROTOCOLO SAN SALVADOR",2019-09-11
"EXT","TRATADO EXTRADICAO BRASIL ARGENTINA",2017-09-26
"EXT","TRATADO EXTRADICAO BRASIL SUICA",2017-04-25
"EXT","TRATADO EXTRADICAO BRASIL ARGENTINA",2016-11-09
"EXT","TRATADO EXTRADICAO BRASIL ARGENTINA",2017-05-02
"RE","CONVENCAO PRIVILEGIOS IMUNIDADES NACOES UNIDAS",2013-05-15
"RE","CONVENCAO DIREITOS PESSOAS DEFICIENCIA",2020-11-26
"RE","CONVENCAO DIREITOS PESSOAS DEFICIENCIA",2020-11-26
"ARE","CONVENCAO DIREITOS PESSOAS DEFICIENCIA",2020-11-26
"HC","CONVENCAO AMERICANA DIREITOS HUMANOS",2017-03-23
"ADC","CONVENCAO DIVERSIDADE BIOLOGICA",2018-02-28
"EXT","CONVENCAO EXTRADICAO ESTADOS MEMBROS COMUNIDADE PAISES LINGUA PORTUGUESA",2021-06-08
"ADC","PACTO INTERNACIONAL DIREITOS ECONOMICOS SOCIAIS CULTURAIS",2018-02-28
"EXT","ACORDO EXTRADICAO ESTADOS PARTES MERCOSUL",2013-08-06
"ADI","CONVENCAO DIREITOS PESSOAS DEFICIENCIA",2016-06-09
"RE","CONVENCAO PRIVILEGIOS IMUNIDADES NACOES UNIDAS",2017-06-05
"EXT","TRATADO EXTRADICAO BRASIL ITALIA",2010-11-18
"EXT","TRATADO EXTRADICAO BRASIL ITALIA",2004-05-27
"ADPF","PACTO INTERNACIONAL DIREITOS ECONOMICOS SOCIAIS CULTURAIS",2022-04-28
"ADI","PACTO INTERNACIONAL DIREITOS ECONOMICOS SOCIAIS CULTURAIS",2020-04-17
"EXT","TRATADO EXTRADICAO BRASIL EUA",2017-03-28
"RE","CONVENCAO PRIVILEGIOS IMUNIDADES NACOES UNIDAS",2013-05-15
"EXT","ACORDO EXTRADICAO ESTADOS PARTES MERCOSUL",2017-09-26
"ADI","PACTO INTERNACIONAL DIREITOS CIVIS POLITICOS",2020-05-11
"HC","CONVENCAO CONTRA TORTURA OUTROS TRATAMENTOS PENAS CRUEIS DESUMANOS DEGRADANTES",2018-09-25
"EXT","TRATADO EXTRADICAO BRASIL PORTUGAL",2011-12-13
"EXT","TRATADO EXTRADICAO BRASIL FRANCA",2016-08-09
"ADI","PACTO INTERNACIONAL DIREITOS ECONOMICOS SOCIAIS CULTURAIS",2019-09-11
"RE","CONVENCAO PRIVILEGIOS IMUNIDADES NACOES UNIDAS",2013-05-15
"RE","CONVENCAO PRIVILEGIOS IMUNIDADES NACOES UNIDAS",2013-05-15
"EXT","TRATADO EXTRADICAO BRASIL ESPANHA",2015-08-25
"EXT","TRATADO EXTRADICAO BRASIL PERU",2017-04-18
"ADI","CONVENCAO NACOES UNIDAS CONTRA CRIME ORGANIZADO TRANSNACIONAL",2012-05-31
"EXT","CONVENCAO NACOES UNIDAS CONTRA CRIME ORGANIZADO TRANSNACIONAL",2021-03-15
"ADC","CONVENCAO INTERAMERICANA PREVENIR PUNIR ERRADICAR VIOLENCIA CONTRA MULHER",2012-02-09
"INQ","CONVENCAO INTERAMERICANA PREVENIR PUNIR ERRADICAR VIOLENCIA CONTRA MULHER",2013-12-05
"ADI","PACTO INTERNACIONAL DIREITOS CIVIS POLITICOS",2018-03-01
"EXT","TRATADO EXTRADICAO BRASIL EUA",2020-09-16
"EXT","TRATADO EXTRADICAO BRASIL FRANCA",2017-10-24
"ADI","CONVENCAO IDADE MINIMA OIT",2018-09-27
"MI","PACTO INTERNACIONAL DIREITOS CIVIS POLITICOS",2019-06-13
"ADI","CONVENCAO DIREITOS CRIANCAS",2019-08-08
"RE","PACTO INTERNACIONAL DIREITOS CIVIS POLITICOS",2018-08-15
"EXT","CONVENCAO EXTRADICAO ESTADOS MEMBROS COMUNIDADE PAISES LINGUA PORTUGUESA",2016-08-30
"EXT","TRATADO EXTRADICAO BRASIL ITALIA",2020-05-29
"EXT","TRATADO EXTRADICAO BRASIL EUA",2016-03-08
"EXT","TRATADO EXTRADICAO BRASIL PORTUGAL",2008-09-18
"ADO","PACTO INTERNACIONAL DIREITOS CIVIS POLITICOS",2019-06-13
"EXT","TRATADO EXTRADICAO BRASIL ESPANHA",2015-06-02
"EXT","TRATADO EXTRADICAO BRASIL EUA",2011-03-17
"EXT","TRATADO EXTRADICAO BRASIL EUA",2015-09-01
"EXT","TRATADO EXTRADICAO BRASIL PARAGUAI",2005-08-10
"EXT","TRATADO EXTRADICAO BRASIL PARAGUAI",2007-06-21
"EXT","TRATADO EXTRADICAO BRASIL PARAGUAI",1990-10-31
"ACO","CONVENCAO MAR TERRITORIAL ZONA CONTIGUA",2020-06-22
"EXT","TRATADO EXTRADICAO BRASIL PORTUGAL",2013-12-03
"EXT","TRATADO EXTRADICAO BRASIL ITALIA",2018-02-27
"RMS","CONVENCAO DIREITOS PESSOAS DEFICIENCIA",2014-06-03
"EXT","CONVENCAO PREVENIR PUNIR ATOS TERRORISMO",2016-11-09
"RE","CONVENCAO PRIVILEGIOS IMUNIDADES NACOES UNIDAS",2017-06-05
"EXT","CONVENCAO VIENA RELACOES DIPLOMATICAS",1996-08-28
"EXT","TRATADO EXTRADICAO BRASIL REINO UNIDO GRA BRETANHA IRLANDA NORTE",2013-10-29
"EXT","TRATADO EXTRADICAO BRASIL PORTUGAL",2002-09-18
"EXT","TRATADO EXTRADICAO BRASIL REPUBLICA DOMINICANA",2022-11-10
"AP","CONVENCAO VIENA DIREITO TRATADOS",2020-11-10
"EXT","TRATADO EXTRADICAO BRASIL ITALIA",2015-10-20
"AP","CONVENCAO CONTRA TRAFICO ILICITO ENTORPECENTES SUBSTANCIAS PSICOTROPICAS",2012-12-17
"HC","CONVENCAO CONTRA TRAFICO ILICITO ENTORPECENTES SUBSTANCIAS PSICOTROPICAS",2012-04-10
"ADI","ACORDO GERAL TARIFAS ADUANEIRAS COMERCIO",2017-11-30
"HC","CONVENCAO CONTRA TRAFICO ILICITO ENTORPECENTES SUBSTANCIAS PSICOTROPICAS",2012-05-15
"ADI","CONVENCAO DIREITOS PESSOAS DEFICIENCIA",2020-09-22
"ADI","CONVENCAO DIREITOS PESSOAS DEFICIENCIA",2019-09-13
"RE","CONVENCAO DIREITOS CRIANCAS",2022-05-12
"EXT","TRATADO EXTRADICAO BRASIL CHINA",2020-10-20
"EXT","TRATADO EXTRADICAO BRASIL ITALIA",2016-09-06
"EXT","TRATADO EXTRADICAO BRASIL CHINA",2019-05-07
"AP","CONVENCAO SUBSTANCIAS PSICOTROPICAS",2012-12-17
"EXT","CONVENCAO VIENA RELACOES DIPLOMATICAS",2013-12-17
"EXT","CONVENCAO NACOES UNIDAS CONTRA CRIME ORGANIZADO TRANSNACIONAL",2009-10-22
"EXT","TRATADO EXTRADICAO BRASIL PORTUGAL",2012-12-18
"RE","ACORDO GERAL TARIFAS ADUANEIRAS COMERCIO",2020-08-24
"HC","PACTO INTERNACIONAL DIREITOS CIVIS POLITICOS",2020-08-04
"CR","TRATADO EXTRADICAO BRASIL ESPANHA",2001-08-08
"EXT","TRATADO EXTRADICAO BRASIL ARGENTINA",2011-05-19
"EXT","CONVENCAO AMERICANA DIREITOS HUMANOS",2020-10-20
"EXT","CONVENCAO AMERICANA DIREITOS HUMANOS",2020-10-20
"EXT","CONVENCAO AMERICANA DIREITOS HUMANOS",2019-05-07
"ADPF","CONVENCAO AMERICANA DIREITOS HUMANOS",2020-08-18
"RHC","CONVENCAO INTERAMERICANA CONTRA RACISMO DISCRIMINACAO RACIAL FORMAS CORRELATAS INTOLERANCIA",2023-02-07
"ARE","CONVENCAO UNIFICACAO CERTAS REGRAS RELATIVAS TRANSPORTE AEREO INTERNACIONAL",2021-09-27
"ADO","CONVENCAO INTERNACIONAL ELIMINACAO TODAS FORMAS DISCRIMINACAO RACIAL",2019-06-13
"EXT","TRATADO EXTRADICAO BRASIL ESPANHA",2012-05-08
"EXT","CONVENCAO EXTRADICAO ESTADOS MEMBROS COMUNIDADE PAISES LINGUA PORTUGUESA",2021-03-29
"PPE","TRATADO EXTRADICAO BRASIL PERU",2014-12-16
"HC","TRATADO EXTRADICAO BRASIL PORTUGAL",2003-06-26
"RE","CONVENCAO ELIMINACAO TODAS FORMAS DISCRIMINACAO CONTRA MULHER",2018-11-21
"ADPF","CONVENCAO AMERICANA DIREITOS HUMANOS",2012-04-12
"ADI","CONVENCAO AMERICANA DIREITOS HUMANOS",2008-05-29
"EXT","TRATADO EXTRADICAO BRASIL ARGENTINA",1993-08-12
"EXT","TRATADO EXTRADICAO BRASIL ARGENTINA",2013-12-17
"RE","ACORDO BASICO ASSISTENCIA TECNICA ONU SUAS AGENCIAS ESPECIALIZADAS AIEA",2017-06-05
"EXT","ACORDO EXTRADICAO ESTADOS PARTES MERCOSUL",2017-06-27
"HC","CONVENCAO AMERICANA DIREITOS HUMANOS",2020-10-10
"EXT","CONVENCAO IGUALDADE DIREITOS DEVERES BRASILEIROS PORTUGUESES",2004-08-05
"EXT","TRATADO EXTRADICAO BRASIL EUA",2021-03-15
"ADC","CONVENCAO COMBATE CORRUPCAO FUNCIONARIOS PUBLICOS ESTRANGEIROS TRANSACOES COMERCIAIS INTERNACIONAIS",2019-11-07
"RE","CONVENCAO AMERICANA DIREITOS HUMANOS",2021-03-24
"ADI","CONVENCAO AMERICANA DIREITOS HUMANOS",2020-12-17
"ARE","CONVENCAO DIREITOS PESSOAS DEFICIENCIA",2022-06-02
"EXT","ACORDO EXTRADICAO ESTADOS PARTES MERCOSUL",2016-11-09
"HC","CONVENCAO AMERICANA DIREITOS HUMANOS",2018-09-25
"ADI","CONVENCAO RELATIVA LUTA CONTRA DISCRIMINACAO NO CAMPO ENSINO",2017-09-27
"EXT","TRATADO EXTRADICAO BRASIL PORTUGAL",2004-08-05
"EXT","TRATADO EXTRADICAO MERCOSUL",2011-05-19
"HC","PACTO INTERNACIONAL DIREITOS CIVIS POLITICOS",2014-03-25
"HC","CONVENCAO EUROPEIA DIREITOS HUMANOS",2014-03-25
"HC","CONVENCAO AMERICANA DIREITOS HUMANOS",2020-12-01
"ADC","ACORDO GERAL TARIFAS ADUANEIRAS COMERCIO",2021-12-18
"EXT","CONVENCAO NACOES UNIDAS CONTRA CRIME ORGANIZADO TRANSNACIONAL",2015-09-01
"EXT","PACTO INTERNACIONAL DIREITOS CIVIS POLITICOS",2019-05-07
"ADPF","PACTO INTERNACIONAL DIREITOS CIVIS POLITICOS",2020-08-18
"ADI","CONVENCAO AMERICANA DIREITOS HUMANOS",2017-11-30
"HC","CONVENCAO NACOES UNIDAS CONTRA CRIME ORGANIZADO TRANSNACIONAL",2019-11-12
"ADI","CONVENCAO INTERNACIONAL PROTECAO PROMOCAO DIVERSIDADE EXPRESSOES CULTURAIS",2017-11-08
"RE","CONVENCAO INTERNACIONAL PROTECAO PROMOCAO DIVERSIDADE EXPRESSOES CULTURAIS",2021-03-18
"ADPF","REGULAMENTO SANITARIO INTERNACIONAL",2020-11-23
"AP","CONVENCAO NACOES UNIDAS CONTRA CRIME ORGANIZADO TRANSNACIONAL",2020-11-10
"ADI","PROTOCOLO CONTRA FABRICACAO TRAFICO ILICITO ARMAS FOGO SUAS PECAS COMPONENTES MUNICOES",2023-07-03
"ADI","PROTOCOLO CONTRA FABRICACAO TRAFICO ILICITO ARMAS FOGO SUAS PECAS COMPONENTES MUNICOES",2023-07-03
"ADPF","PACTO INTERNACIONAL DIREITOS CIVIS POLITICOS",2012-04-12
"RE","CONVENCAO INTERNACIONAL PROTECAO PROMOCAO DIVERSIDADE EXPRESSOES CULTURAIS",2021-03-18
"HC","CONVENCAO NACOES UNIDAS CONTRA CRIME ORGANIZADO TRANSNACIONAL",2022-03-08
"EXT","TRATADO EXTRADICAO BRASIL ESPANHA",2016-09-06
"EXT","TRATADO EXTRADICAO BRASIL PORTUGAL",2012-12-18
"ADI","PACTO INTERNACIONAL DIREITOS CIVIS POLITICOS",2019-04-11
"RE","PACTO INTERNACIONAL DIREITOS ECONOMICOS SOCIAIS CULTURAIS",2021-11-11
"RE","PACTO INTERNACIONAL DIREITOS ECONOMICOS SOCIAIS CULTURAIS",2021-06-10
"EXT","TRATADO EXTRADICAO BRASIL ESPANHA",2017-11-21
"ADPF","CONVENCAO EUROPEIA DIREITOS HUMANOS",2008-08-06
"EXT","TRATADO EXTRADICAO BRASIL EUA",2011-02-17
"EXT","TRATADO EXTRADICAO BRASIL COLOMBIA",2007-03-21
"EXT","TRATADO EXTRADICAO BRASIL SUICA",1975-06-11
"EXT","ACORDO EXTRADICAO ESTADOS PARTES MERCOSUL",2019-10-15
"ADI","ACORDO ASPECTOS DIREITOS PROPRIEDADE INTELECTUAL RELACIONADOS COMERCIO",2021-05-12
"RE","CONVENCAO AMERICANA DIREITOS HUMANOS",2020-03-12
"RE","PACTO INTERNACIONAL DIREITOS ECONOMICOS SOCIAIS CULTURAIS",2020-03-12
"ADI","CONVENCAO AMERICANA DIREITOS HUMANOS",2019-05-08
"RHC","CONVENCAO AMERICANA DIREITOS HUMANOS",2019-12-18
"ADI","CONVENCAO AMERICANA DIREITOS HUMANOS",2017-10-11
"ADI","CONVENCAO AMERICANA DIREITOS HUMANOS",2019-08-08
"HC","CONVENCAO AMERICANA DIREITOS HUMANOS",2021-10-26
"ADPF","CONVENCAO AMERICANA DIREITOS HUMANOS",2021-10-19
"HC","CONVENCAO AMERICANA DIREITOS HUMANOS",2008-09-23
"EXT","ESTATUTO ROMA TRIBUNAL PENAL INTERNACIONAL",2016-11-09
"ADI","CONVENCAO NACOES UNIDAS CONTRA CORRUPCAO",2015-11-12
"ADI","CONVENCAO AMERICANA DIREITOS HUMANOS",2022-02-14
"RE","PACTO DIREITOS ECONOMICOS SOCIAIS CULTURAIS",2021-03-29
"RCL","CONVENCAO AMERICANA DIREITOS HUMANOS",2021-02-23
"AP","ACORDO ASSISTENCIA JUDICIARIA MATERIA PENAL BRASIL EUA",2008-06-19
"ADPF","CONVENCAO AMERICANA DIREITOS HUMANOS",2018-06-14
"HC","CONVENCAO AMERICANA DIREITOS HUMANOS",2005-02-01
"HC","CONVENCAO AMERICANA DIREITOS HUMANOS",2017-03-07
"ADPF","CONVENCAO AMERICANA DIREITOS HUMANOS",2015-09-09
"HC","CONVENCAO AMERICANA DIREITOS HUMANOS",2014-03-25
"HC","CONVENCAO AMERICANA DIREITOS HUMANOS",2007-09-13
"ADO","CONVENCAO AMERICANA DIREITOS HUMANOS",2019-06-13
"MI","CONVENCAO AMERICANA DIREITOS HUMANOS",2019-06-13
"HC","CONVENCAO AMERICANA DIREITOS HUMANOS",2020-10-13
"AP","CONVENCAO AMERICANA DIREITOS HUMANOS",2012-12-17
"HC","CONVENCAO AMERICANA DIREITOS HUMANOS",2009-06-09
"HC","CONVENCAO AMERICANA DIREITOS HUMANOS",2008-11-11
"RE","CONVENCAO AMERICANA DIREITOS HUMANOS",2008-12-03
"HC","CONVENCAO AMERICANA DIREITOS HUMANOS",2008-12-03
"HC","CONVENCAO AMERICANA DIREITOS HUMANOS",2008-09-23
"HC","CONVENCAO AMERICANA DIREITOS HUMANOS",2008-09-23
"HC","PACTO INTERNACIONAL DIREITOS CIVIS POLITICOS",2020-10-10
"ADI","PACTO INTERNACIONAL DIREITOS CIVIS POLITICOS",2020-12-17
"EXT","PACTO INTERNACIONAL DIREITOS CIVIS POLITICOS",2020-10-20
"RE","PACTO INTERNACIONAL DIREITOS CIVIS POLITICOS",2021-03-24
"HC","PACTO INTERNACIONAL DIREITOS CIVIS POLITICOS",2020-12-01
"EXT","PACTO INTERNACIONAL DIREITOS CIVIS POLITICOS",2020-10-20
"HC","CONVENCAO AMERICANA DIREITOS HUMANOS",2007-08-14
"HC","CONVENCAO AMERICANA DIREITOS HUMANOS",2020-08-24
"HC","CONVENCAO AMERICANA DIREITOS HUMANOS",2021-06-21
"HC","CONVENCAO AMERICANA DIREITOS HUMANOS",2020-05-04
"HC","CONVENCAO AMERICANA DIREITOS HUMANOS",2020-05-15
"ADI","CONVENCAO AMERICANA DIREITOS HUMANOS",2016-12-15
"RE","CONVENCAO AMERICANA DIREITOS HUMANOS",2008-12-03
"EXT","TRATADO EXTRADICAO BRASIL SUICA",2015-06-30
"AI","CONVENCAO AMERICANA DIREITOS HUMANOS",2005-02-22
"RE","CONVENCAO AMERICANA DIREITOS HUMANOS",2018-03-01
"ADI","CONVENCAO PROTECAO DIREITOS HOMEM LIBERDADES FUNDAMENTAIS",2015-06-10
"PET","CONVENCAO AMERICANA DIREITOS HUMANOS",2015-12-15
"AC","CONVENCAO AMERICANA DIREITOS HUMANOS",2019-06-26
"ADI","CONVENCAO AMERICANA DIREITOS HUMANOS",2021-10-20
"RE","CONVENCAO EUROPEIA DIREITOS HUMANOS",2015-11-05
"ADPF","CONVENCAO AMERICANA DIREITOS HUMANOS",2020-06-18
"RHC","CONVENCAO AMERICANA DIREITOS HUMANOS",2020-08-25
"AP","CONVENCAO AMERICANA DIREITOS HUMANOS",2020-10-20
"HC","CONVENCAO AMERICANA DIREITOS HUMANOS",2002-06-11
"ADC","CONVENCAO AMERICANA DIREITOS HUMANOS",2020-10-13
"AP","CONVENCAO AMERICANA DIREITOS HUMANOS",2018-08-30
"AP","CONVENCAO AMERICANA DIREITOS HUMANOS",2022-05-23
"RE","CONVENCAO AMERICANA DIREITOS HUMANOS",2016-08-01
"RE","CONVENCAO AMERICANA DIREITOS HUMANOS",2018-02-06
"HC","CONVENCAO AMERICANA DIREITOS HUMANOS",2012-02-28
"MI","PACTO INTERNACIONAL DIREITOS ECONOMICOS SOCIAIS CULTURAIS",2007-10-25
"MI","PACTO INTERNACIONAL DIREITOS ECONOMICOS SOCIAIS CULTURAIS",2007-10-25
"HC","CONVENCAO AMERICANA DIREITOS HUMANOS",2021-03-23
"ADI","CONVENCAO AMERICANA DIREITOS HUMANOS",2020-12-21
"ADI","CONVENCAO AMERICANA DIREITOS HUMANOS",2020-12-21
"ADI","CONVENCAO AMERICANA DIREITOS HUMANOS",2022-05-19
"RE","CONVENCAO AMERICANA DIREITOS HUMANOS",2022-05-19
"HC","CONVENCAO AMERICANA DIREITOS HUMANOS",2020-08-04
"ARE","PACTO INTERNACIONAL DIREITOS ECONOMICOS SOCIAIS CULTURAIS",2017-04-05
"ADPF","CONVENCAO AMERICANA DIREITOS HUMANOS",2015-12-17
"ADI","CONVENCAO AMERICANA DIREITOS HUMANOS",2016-05-18
"HC","CONVENCAO AMERICANA DIREITOS HUMANOS",2018-04-04
"ADC","CONVENCAO AMERICANA DIREITOS HUMANOS",2019-11-07
"HC","CONVENCAO AMERICANA DIREITOS HUMANOS",2019-05-28
"HC","CONVENCAO AMERICANA DIREITOS HUMANOS",2019-08-27
"HC","CONVENCAO AMERICANA DIREITOS HUMANOS",2006-11-14
"AP","CONVENCAO AMERICANA DIREITOS HUMANOS",2013-09-18
"AP","CONVENCAO AMERICANA DIREITOS HUMANOS",2013-09-18
"ADI","CONVENCAO AMERICANA DIREITOS HUMANOS",2008-10-16
"RE","CONVENCAO AMERICANA DIREITOS HUMANOS",2020-12-07
"HC","CONVENCAO AMERICANA DIREITOS HUMANOS",2013-02-19
"HC","CONVENCAO AMERICANA DIREITOS HUMANOS",2010-11-16
"HC","CONVENCAO AMERICANA DIREITOS HUMANOS",2015-08-27
"RE","CONVENCAO AMERICANA DIREITOS HUMANOS",2018-11-14
"HC","CONVENCAO AMERICANA DIREITOS HUMANOS",2020-10-10
"HC","CONVENCAO AMERICANA DIREITOS HUMANOS",2020-10-10
"AI","CONVENCAO AMERICANA DIREITOS HUMANOS",2009-03-17
"HC","CONVENCAO AMERICANA DIREITOS HUMANOS",2019-11-12
"HC","CONVENCAO AMERICANA DIREITOS HUMANOS",2008-09-16
"ADPF","CONVENCAO INTERNACIONAL DIREITOS ECONOMICOS SOCIAIS CULTURAIS",2020-05-15
"RMS","CONVENCAO REDUCAO CASOS APATRIDIA",2013-02-07
"PET","CONVENCAO AMERICANA DIREITOS HUMANOS",2020-05-19
"HC","CONVENCAO AMERICANA DIREITOS HUMANOS",2006-06-06
"ADPF","CONVENCAO AMERICANA DIREITOS HUMANOS",2020-06-22
"HC","CONVENCAO AMERICANA DIREITOS HUMANOS",2006-12-18
"HC","CONVENCAO AMERICANA DIREITOS HUMANOS",2012-02-07
"ADI","CONVENCAO AMERICANA DIREITOS HUMANOS",2021-03-22
"EXT","TRATADO EXTRADICAO BRASIL PERU",2008-04-30
"EXT","CONVENCAO AMERICANA DIREITOS HUMANOS",2016-11-09
"INQ","CONVENCAO AMERICANA DIREITOS HUMANOS",2019-12-03
"INQ","CONVENCAO AMERICANA DIREITOS HUMANOS",2019-06-11
"AP","CONVENCAO AMERICANA DIREITOS HUMANOS",2020-11-10
"RHC","CONVENCAO AMERICANA DIREITOS HUMANOS",2015-10-13
"EXT","CONVENCAO IGUALDADE DIREITOS DEVERES BRASILEIROS PORTUGUESES",2017-04-25
"HC","PACTO INTERNACIONAL DIREITOS CIVIS POLITICOS",2021-10-26
"EXT","TRATADO EXTRADICAO BRASIL ESPANHA",2016-12-06
"ADI","PACTO INTERNACIONAL DIREITOS CIVIS POLITICOS",2022-02-14
"RCL","PACTO INTERNACIONAL DIREITOS CIVIS POLITICOS",2021-02-23
"HC","PACTO INTERNACIONAL DIREITOS CIVIS POLITICOS",2014-03-25
"ADPF","PACTO INTERNACIONAL DIREITOS CIVIS POLITICOS",2015-09-09
"HC","PACTO INTERNACIONAL DIREITOS CIVIS POLITICOS",2017-03-07
"HC","PACTO INTERNACIONAL DIREITOS CIVIS POLITICOS",2020-10-10
"HC","PACTO INTERNACIONAL DIREITOS CIVIS POLITICOS",2020-10-10
"HC","PACTO INTERNACIONAL DIREITOS CIVIS POLITICOS",2020-10-10
"HC","PACTO INTERNACIONAL DIREITOS CIVIS POLITICOS",2006-02-21
"ADI","PACTO INTERNACIONAL DIREITOS CIVIS POLITICOS",2019-05-08
"ADI","PACTO INTERNACIONAL DIREITOS CIVIS POLITICOS",2017-10-11
"EXT","PRIMEIRO PROTOCOLO ADICIONAL CONVENCAO EUROPEIA EXTRADICAO",2004-08-05
"HC","PACTO INTERNACIONAL DIREITOS CIVIS POLITICOS",2007-08-14
"HC","PACTO INTERNACIONAL DIREITOS CIVIS POLITICOS",2021-11-11
"HC","PACTO INTERNACIONAL DIREITOS CIVIS POLITICOS",2020-08-24
"HC","PACTO INTERNACIONAL DIREITOS CIVIS POLITICOS",2021-06-21
"HC","PACTO INTERNACIONAL DIREITOS CIVIS POLITICOS",2020-10-13
"HC","PACTO INTERNACIONAL DIREITOS CIVIS POLITICOS",2020-05-04
"HC","PACTO INTERNACIONAL DIREITOS CIVIS POLITICOS",2020-05-15
"HC","PACTO INTERNACIONAL DIREITOS CIVIS POLITICOS",2021-03-29
"EXT","TRATADO EXTRADICAO BRASIL ITALIA",2012-12-18
"ADPF","CONVENCAO EUROPEIA DIREITOS HUMANOS",2009-04-30
"ADPF","CONVENCAO AMERICANA DIREITOS HUMANOS",2023-04-03
"EXT","CONVENCAO EXTRADICAO ESTADOS MEMBROS COMUNIDADE PAISES LINGUA PORTUGUESA",2022-12-05
"HC","CONVENCAO INTERAMERICANA CONTRA RACISMO DISCRIMINACAO RACIAL FORMAS CORRELATAS INTOLERANCIA",2021-10-28
"ADI","CONVENCAO ELIMINACAO TODAS FORMAS DISCRIMINACAO CONTRA MULHER",2020-08-24
"EXT","CONVENCAO EXTRADICAO ESTADOS MEMBROS COMUNIDADE PAISES LINGUA PORTUGUESA",2017-05-09
"ADI","CONVENCAO AMERICANA DIREITOS HUMANOS",2021-10-14
"RE","CONVENCAO EVITAR DUPLA TRIBUTACAO MATERIA IMPOSTOS RENDA BRASIL SUECIA",2020-08-05
"RE","CONVENCAO AMERICANA DIREITOS HUMANOS",2019-05-22
"ADI","CONVENCAO AMERICANA DIREITOS HUMANOS",2016-05-19
"RE","CONVENCAO AMERICANA DIREITOS HUMANOS",2019-05-22
"ADI","CONVENCAO AMERICANA DIREITOS HUMANOS",2017-08-24
"ADI","CONVENCAO AMERICANA DIREITOS HUMANOS",2020-10-26
"ADI","CONVENCAO AMERICANA DIREITOS HUMANOS",2020-03-27
"EXT","TRATADO EXTRADICAO BRASIL FRANCA",2013-06-04
"HC","PACTO INTERNACIONAL DIREITOS CIVIS POLITICOS",2009-06-09
"EXT","TRATADO EXTRADICAO BRASIL ITALIA",2006-03-23
"EXT","TRATADO EXTRADICAO BRASIL ITALIA",2022-09-14
"AP","PACTO INTERNACIONAL DIREITOS CIVIS POLITICOS",2012-12-17
"PPE","CONVENCAO INTERAMERICANA CONTRA TERRORISMO",2014-12-16
"ADI","CONVENCAO ELIMINACAO TODAS FORMAS DISCRIMINACAO CONTRA MULHER",2021-03-15
"ADI","CONVENCAO AMERICANA DIREITOS HUMANOS",2018-04-26
"ADI","CONVENCAO AMERICANA DIREITOS HUMANOS",2020-05-07
"ADPF","CONVENCAO AMERICANA DIREITOS HUMANOS",2021-12-14
"ADO","PACTO INTERNACIONAL DIREITOS CIVIS POLITICOS",2020-04-30
"RE","CONVENCAO AMERICANA DIREITOS HUMANOS",2020-06-25
"RE","CONVENCAO AMERICANA DIREITOS HUMANOS",2015-11-05
"HC","PACTO INTERNACIONAL DIREITOS CIVIS POLITICOS",2008-11-11
"RE","PACTO INTERNACIONAL DIREITOS ECONOMICOS SOCIAIS CULTURAIS",2006-02-08
"HC","PACTO INTERNACIONAL DIREITOS CIVIS POLITICOS",2007-09-13
"HC","PACTO INTERNACIONAL DIREITOS CIVIS POLITICOS",2008-10-07
"HC","PACTO INTERNACIONAL DIREITOS CIVIS POLITICOS",2008-10-07
"ADI","PACTO INTERNACIONAL DIREITOS CIVIS POLITICOS",2016-12-15
"HC","PACTO INTERNACIONAL DIREITOS CIVIS POLITICOS",2008-09-23
"RE","PACTO INTERNACIONAL DIREITOS CIVIS POLITICOS",2008-12-03
"RE","PACTO INTERNACIONAL DIREITOS CIVIS POLITICOS",2008-12-03
"HC","PACTO INTERNACIONAL DIREITOS CIVIS POLITICOS",2008-12-03
"HC","PACTO INTERNACIONAL DIREITOS CIVIS POLITICOS",2008-09-23
"HC","PACTO INTERNACIONAL DIREITOS CIVIS POLITICOS",2008-09-23
"RE","PACTO INTERNACIONAL DIREITOS ECONOMICOS SOCIAIS CULTURAIS",2022-03-09
"ADI","ACORDO BRASIL SANTA SE RELATIVO ESTATUTO JURIDICO IGREJA CATOLICA BRASIL",2017-09-27
"ACO","REGIMENTO INTERNO ITAIPU BINACIONAL",2020-09-08
"EXT","TRATADO EXTRADICAO BRASIL ITALIA",2014-03-25
"EXT","TRATADO EXTRADICAO BRASIL BELGICA",2022-12-19
"HC","CONVENCAO NACOES UNIDAS CONTRA CRIME ORGANIZADO TRANSNACIONAL",2015-08-27
"EXT","TRATADO EXTRADICAO BRASIL REINO UNIDO GRA BRETANHA IRLANDA NORTE",2015-02-24
"ADI","PACTO INTERNACIONAL DIREITOS ECONOMICOS SOCIAIS CULTURAIS",2020-12-17
"EXT","CONVENCAO DIREITOS CRIANCAS",2016-12-06
"ADI","CONVENCAO AMERICANA DIREITOS HUMANOS",2018-05-16
"RHC","CONVENCAO AMERICANA DIREITOS HUMANOS",2018-03-06
"ARE","CONVENCAO AMERICANA DIREITOS HUMANOS",2018-12-13
"ADPF","PACTO INTERNACIONAL DIREITOS ECONOMICOS SOCIAIS CULTURAIS",2022-03-21
"ADI","PACTO INTERNACIONAL DIREITOS ECONOMICOS SOCIAIS CULTURAIS",2021-10-14
"RE","CONVENCAO AMERICANA DIREITOS HUMANOS",2020-11-26
"ADPF","CONVENCAO AMERICANA DIREITOS HUMANOS",2021-04-08
"ARE","CONVENCAO AMERICANA DIREITOS HUMANOS",2020-11-26
"HC","PACTO INTERNACIONAL DIREITOS CIVIS POLITICOS",2021-10-19
"RE","PACTO INTERNACIONAL DIREITOS ECONOMICOS SOCIAIS CULTURAIS",2019-05-22
"ADI","PACTO INTERNACIONAL DIREITOS ECONOMICOS SOCIAIS CULTURAIS",2017-08-24
"ADI","PACTO INTERNACIONAL DIREITOS ECONOMICOS SOCIAIS CULTURAIS",2020-10-26
"ADI","PACTO INTERNACIONAL DIREITOS ECONOMICOS SOCIAIS CULTURAIS",2020-03-27
"ADI","PACTO INTERNACIONAL DIREITOS ECONOMICOS SOCIAIS CULTURAIS",2016-05-19
"ADI","CONVENCAO AMERICANA DIREITOS HUMANOS",2017-09-27
"ADPF","PACTO INTERNACIONAL DIREITOS ECONOMICOS SOCIAIS CULTURAIS",2021-06-11
"ADI","PACTO INTERNACIONAL DIREITOS ECONOMICOS SOCIAIS CULTURAIS",2020-04-15
"ADI","PACTO INTERNACIONAL DIREITOS ECONOMICOS SOCIAIS CULTURAIS",2020-05-06
"ADI","PACTO INTERNACIONAL DIREITOS ECONOMICOS SOCIAIS CULTURAIS",2020-05-13
"ADPF","PACTO INTERNACIONAL DIREITOS ECONOMICOS SOCIAIS CULTURAIS",2021-02-24
"ADI","CONVENCAO AMERICANA DIREITOS HUMANOS",2020-08-24
"ADO","CONVENCAO AMERICANA DIREITOS HUMANOS",2020-04-30
"EXT","TRATADO EXTRADICAO BRASIL ESPANHA",2013-10-08
"EXT","TRATADO EXTRADICAO BRASIL PORTUGAL",2012-06-26
"ADI","CONVENCAO DIREITOS CRIANCAS",2020-08-24
"ADPF","CONVENCAO AMERICANA DIREITOS HUMANOS",2020-08-20
"ADPF","CONVENCAO AMERICANA DIREITOS HUMANOS",2018-10-31
"ADPF","CONVENCAO DIREITOS PESSOAS DEFICIENCIA",2021-08-17
"ARE","CONVENCAO AMERICANA DIREITOS HUMANOS",2019-06-28
"RCL","CONVENCAO AMERICANA DIREITOS HUMANOS",2020-10-10
"ADPF","CONVENCAO AMERICANA DIREITOS HUMANOS",2022-12-19
"RE","CONVENCAO AMERICANA DIREITOS HUMANOS",2020-04-27
"RE","CONVENCAO CHICAGO AVIACAO CIVIL INTERNACIONAL",2013-11-26
"RE","CONVENCAO AMERICANA DIREITOS HUMANOS",2021-06-10
"EXT","TRATADO EXTRADICAO BRASIL PORTUGAL",2017-05-09
"HC","CONVENCAO AMERICANA DIREITOS HUMANOS",2018-03-13
"ADI","CONVENCAO AMERICANA DIREITOS HUMANOS",2020-08-24
"ADI","CONVENCAO AMERICANA DIREITOS HUMANOS",2021-10-07
"RCL","CONVENCAO AMERICANA DIREITOS HUMANOS",2020-04-14
"ADPF","CONVENCAO AMERICANA DIREITOS HUMANOS",2019-11-05
"ADPF","CONVENCAO AMERICANA DIREITOS HUMANOS",2020-05-15
"ADI","CONVENCAO AMERICANA DIREITOS HUMANOS",2015-06-10
"RCL","CONVENCAO AMERICANA DIREITOS HUMANOS",2009-12-10
"RE","PACTO INTERNACIONAL DIREITOS ECONOMICOS SOCIAIS CULTURAIS",2018-09-12
"INQ","CONVENCAO AMERICANA DIREITOS HUMANOS",2019-03-14
"ADI","CONVENCAO AMERICANA DIREITOS HUMANOS",2016-08-31
"ADPF","CONVENCAO AMERICANA DIREITOS HUMANOS",2020-08-24
"ADI","CONVENCAO INTERAMERICANA CONTRA CORRUPCAO",2019-05-09
"ADPF","PACTO INTERNACIONAL DIREITOS ECONOMICOS SOCIAIS CULTURAIS",2020-08-24
"ADI","PACTO INTERNACIONAL DIREITOS ECONOMICOS SOCIAIS CULTURAIS",2020-08-24
"ADPF","CONVENCAO AMERICANA DIREITOS HUMANOS",2009-04-30
"HC","CONVENCAO AMERICANA DIREITOS HUMANOS",2003-09-17
"AP","TRATADO COOPERACAO JURIDICA MATERIA PENAL BRASIL SUICA",2009-03-12
"HC","CONVENCAO NACOES UNIDAS CONTRA CORRUPCAO",2019-11-12
"RE","CONVENCAO NACOES UNIDAS CONTRA CORRUPCAO",2019-12-04
"EXT","CONVENCAO EUROPEIA EXTRADICAO",2015-05-26
"ADI","CONVENCAO DIREITOS CRIANCAS",2017-09-27
"AP","PACTO INTERNACIONAL DIREITOS CIVIS POLITICOS",2020-10-20
"HC","PACTO INTERNACIONAL DIREITOS CIVIS POLITICOS",2006-11-14
"HC","PACTO INTERNACIONAL DIREITOS CIVIS POLITICOS",2002-06-11
"ADC","PACTO INTERNACIONAL DIREITOS CIVIS POLITICOS",2020-10-13
"HC","PACTO INTERNACIONAL DIREITOS CIVIS POLITICOS",2008-04-08
"HC","PACTO INTERNACIONAL DIREITOS CIVIS POLITICOS",2021-03-23
"ARE","PACTO INTERNACIONAL DIREITOS CIVIS POLITICOS",2021-05-12
"RE","PACTO INTERNACIONAL DIREITOS CIVIS POLITICOS",2016-08-01
"AP","PACTO INTERNACIONAL DIREITOS CIVIS POLITICOS",2013-09-18
"HC","PACTO INTERNACIONAL DIREITOS CIVIS POLITICOS",2023-07-03
"RE","PACTO INTERNACIONAL DIREITOS CIVIS POLITICOS",2022-05-19
"ADI","PACTO INTERNACIONAL DIREITOS CIVIS POLITICOS",2020-12-21
"ADI","PACTO INTERNACIONAL DIREITOS CIVIS POLITICOS",2020-12-21
"ADPF","PACTO INTERNACIONAL DIREITOS CIVIS POLITICOS",2018-06-14
"ADC","PACTO INTERNACIONAL DIREITOS CIVIS POLITICOS",2019-11-07
"RE","PACTO INTERNACIONAL DIREITOS CIVIS POLITICOS",2020-12-07
"HC","PACTO INTERNACIONAL DIREITOS CIVIS POLITICOS",2012-02-07
"HC","PACTO INTERNACIONAL DIREITOS CIVIS POLITICOS",2013-02-19
"HC","PACTO INTERNACIONAL DIREITOS CIVIS POLITICOS",2010-11-16
"RE","PACTO INTERNACIONAL DIREITOS CIVIS POLITICOS",2018-11-14
"HC","PACTO INTERNACIONAL DIREITOS CIVIS POLITICOS",2020-10-20
"ADI","PACTO INTERNACIONAL DIREITOS CIVIS POLITICOS",2008-10-16
"AP","PACTO INTERNACIONAL DIREITOS CIVIS POLITICOS",2013-09-18
"HC","PACTO INTERNACIONAL DIREITOS CIVIS POLITICOS",2019-11-12
"HC","PACTO INTERNACIONAL DIREITOS CIVIS POLITICOS",2008-09-16
"RHC","PACTO INTERNACIONAL DIREITOS CIVIS POLITICOS",2020-08-25
"HC","PACTO INTERNACIONAL DIREITOS CIVIS POLITICOS",2018-04-04
"HC","PACTO INTERNACIONAL DIREITOS CIVIS POLITICOS",2006-06-06
"AP","PACTO INTERNACIONAL DIREITOS CIVIS POLITICOS",2022-05-23
"AP","PACTO INTERNACIONAL DIREITOS CIVIS POLITICOS",2018-08-30
"EXT","TRATADO EXTRADICAO BRASIL FRANCA",2022-12-19
"RE","CONVENCAO AMERICANA DIREITOS HUMANOS",2020-12-15
"ARE","CONVENCAO AMERICANA DIREITOS HUMANOS",2017-04-05
"ADI","CONVENCAO AMERICANA DIREITOS HUMANOS",2020-08-24
"RE","PACTO INTERNACIONAL DIREITOS ECONOMICOS SOCIAIS CULTURAIS",2021-03-18
"RE","PACTO INTERNACIONAL DIREITOS ECONOMICOS SOCIAIS CULTURAIS",2021-03-18
"ADPF","PACTO INTERNACIONAL DIREITOS CIVIS POLITICOS",2010-04-29
"INQ","PACTO INTERNACIONAL DIREITOS CIVIS POLITICOS",2019-12-03
"INQ","PACTO INTERNACIONAL DIREITOS CIVIS POLITICOS",2019-06-11
"RHC","PACTO INTERNACIONAL DIREITOS CIVIS POLITICOS",2015-10-13
"AP","PACTO INTERNACIONAL DIREITOS CIVIS POLITICOS",2020-11-10
"EXT","PACTO INTERNACIONAL DIREITOS CIVIS POLITICOS",2016-11-09
"ADI","PACTO INTERNACIONAL DIREITOS ECONOMICOS SOCIAIS CULTURAIS",2021-10-07
"ADI","CONVENCAO AMERICANA DIREITOS HUMANOS",2007-06-28
"EXT","TRATADO EXTRADICAO MERCOSUL",2014-03-25
"RE","ACORDO GERAL TARIFAS ADUANEIRAS COMERCIO",2014-08-13
"HC","CONVENCAO NACOES UNIDAS CONTRA CRIME ORGANIZADO TRANSNACIONAL",2007-12-13
"ADPF","CONVENCAO CONTRA TORTURA OUTROS TRATAMENTOS PENAS CRUEIS DESUMANOS DEGRADANTES",2022-03-28
"EXT","ACORDO EXTRADICAO ESTADOS PARTES MERCOSUL",2008-06-19
"ADI","CONVENCAO AMERICANA DIREITOS HUMANOS",2019-05-29
"ADPF","CONVENCAO ELIMINACAO TODAS FORMAS DISCRIMINACAO CONTRA MULHER",2021-03-15
"ADI","PACTO INTERNACIONAL DIREITOS CIVIS POLITICOS",2020-05-07
"ADI","CONVENCAO DIREITOS CRIANCAS",2016-08-31
"RE","PACTO INTERNACIONAL DIREITOS ECONOMICOS SOCIAIS CULTURAIS",2020-06-25
"RE","PACTO INTERNACIONAL DIREITOS CIVIS POLITICOS",2015-11-05
"ADI","PACTO INTERNACIONAL DIREITOS CIVIS POLITICOS",2018-04-26
"EXT","ACORDO EXTRADICAO ESTADOS PARTES MERCOSUL",2021-08-22
"ACO","ACORDO COOPERACAO SANITARIA FRONTEIRICA BRASIL VENEZUELA",2020-10-13
"EXT","ACORDO EXTRADICAO ESTADOS PARTES MERCOSUL",2018-09-11
"RE","CONVENCAO DIREITOS PESSOAS DEFICIENCIA",2017-04-20
"ADI","PACTO INTERNACIONAL DIREITOS CIVIS POLITICOS",2020-08-24
"ADI","PACTO INTERNACIONAL DIREITOS CIVIS POLITICOS",2018-05-16
"RHC","PACTO INTERNACIONAL DIREITOS CIVIS POLITICOS",2018-03-06
"ARE","PACTO INTERNACIONAL DIREITOS CIVIS POLITICOS",2018-12-13
"ARE","PACTO INTERNACIONAL DIREITOS CIVIS POLITICOS",2020-11-26
"RE","PACTO INTERNACIONAL DIREITOS CIVIS POLITICOS",2020-11-26
"ADPF","PACTO INTERNACIONAL DIREITOS CIVIS POLITICOS",2021-04-08
"EXT","ACORDO EXTRADICAO ESTADOS PARTES MERCOSUL",2013-12-17
"HC","CONVENCAO NACOES UNIDAS CONTRA CRIME ORGANIZADO TRANSNACIONAL",2008-10-30
"INQ","PACTO INTERNACIONAL DIREITOS CIVIS POLITICOS",2019-03-14
"ADI","PACTO INTERNACIONAL DIREITOS CIVIS POLITICOS",2017-09-27
"RE","CONVENCAO DIREITOS CRIANCAS",2018-09-12
"HC","CONVENCAO NACOES UNIDAS CONTRA CRIME ORGANIZADO TRANSNACIONAL",2007-08-14
"EXT","TRATADO AMIZADE COOPERACAO CONSULTA BRASIL PORTUGAL",2015-06-30
"RCL","PACTO INTERNACIONAL DIREITOS CIVIS POLITICOS",2009-12-10
"ADPF","PACTO INTERNACIONAL DIREITOS CIVIS POLITICOS",2020-05-15
"ADPF","PACTO INTERNACIONAL DIREITOS CIVIS POLITICOS",2018-10-31
"HC","CONVENCAO AMERICANA DIREITOS HUMANOS",2020-08-24
"ADI","PACTO INTERNACIONAL DIREITOS CIVIS POLITICOS",2006-08-06
"RE","PACTO INTERNACIONAL DIREITOS CIVIS POLITICOS",2021-06-10
"RE","PACTO INTERNACIONAL DIREITOS CIVIS POLITICOS",2020-12-15
"ADPF","PACTO INTERNACIONAL DIREITOS CIVIS POLITICOS",2020-06-18
"ADI","PACTO INTERNACIONAL DIREITOS CIVIS POLITICOS",2021-10-07
"ADPF","PACTO INTERNACIONAL DIREITOS CIVIS POLITICOS",2020-06-22
"ADPF","PACTO INTERNACIONAL DIREITOS CIVIS POLITICOS",2019-11-05
"ADI","PACTO INTERNACIONAL DIREITOS CIVIS POLITICOS",2015-06-10
"RCL","PACTO INTERNACIONAL DIREITOS CIVIS POLITICOS",2020-04-14
"RE","PACTO INTERNACIONAL DIREITOS CIVIS POLITICOS",2020-04-27
"ADI","PACTO INTERNACIONAL DIREITOS CIVIS POLITICOS",2016-08-31
"ADI","ACORDO GERAL TARIFAS ADUANEIRAS COMERCIO",2017-08-24
"RE","PACTO INTERNACIONAL DIREITOS CIVIS POLITICOS",2020-05-22
"ADPF","PACTO INTERNACIONAL DIREITOS CIVIS POLITICOS",2020-08-20
"ADI","CONVENCAO AMERICANA DIREITOS HUMANOS",2018-02-08
"ARE","CONVENCAO UNIFICACAO CERTAS REGRAS RELATIVAS TRANSPORTE AEREO INTERNACIONAL",2017-05-25
"RE","CONVENCAO VARSOVIA",2009-03-17
"ADI","PACTO INTERNACIONAL DIREITOS CIVIS POLITICOS",2020-08-24
"RCL","CONVENCAO UNIFICACAO CERTAS REGRAS RELATIVAS TRANSPORTE AEREO INTERNACIONAL",2022-03-28
"ADI","ATO CONFERENCIA INTERNACIONAL SAUDE",2020-05-13
"RE","CONVENCAO VARSOVIA",2020-06-22
"RCL","CONVENCAO VARSOVIA",2021-02-24
"ARE","CONVENCAO VARSOVIA",2020-06-08
"RE","CONVENCAO VARSOVIA",2022-03-09
"HC","CONVENCAO AMERICANA DIREITOS HUMANOS",2021-10-19
"ARE","PACTO INTERNACIONAL DIREITOS CIVIS POLITICOS",2017-04-05
"ARE","CONVENCAO VARSOVIA",2017-05-25
"ACO","CONVENCAO VIENA RELACOES DIPLOMATICAS",2007-04-11
"ACO","CONVENCAO VIENA RELACOES DIPLOMATICAS",2006-08-30
"ARE","CONVENCAO AMERICANA DIREITOS HUMANOS",2017-10-05
"ACO","CONVENCAO VIENA RELACOES DIPLOMATICAS",2015-02-24
"HC","CONVENCAO NACOES UNIDAS CONTRA CORRUPCAO",2007-12-13
"ADI","CONVENCAO AMERICANA DIREITOS HUMANOS",2016-08-25
"ADI","CONVENCAO AMERICANA DIREITOS HUMANOS",2016-08-25
"ADI","CONVENCAO AMERICANA DIREITOS HUMANOS",2016-08-31
"RE","CONVENCAO AMERICANA DIREITOS HUMANOS",2019-05-08
"AO","CONVENCAO AMERICANA DIREITOS HUMANOS",2017-09-22
"RE","CONVENCAO AMERICANA DIREITOS HUMANOS",2018-11-21
"RE","PACTO INTERNACIONAL DIREITOS CIVIS POLITICOS",2018-03-01
"INQ","CONVENCAO NACOES UNIDAS CONTRA CRIME ORGANIZADO TRANSNACIONAL",2017-06-13
"ADI","CONVENCAO DIREITOS PESSOAS DEFICIENCIA",2020-12-21
"ADI","CONVENCAO DIREITOS CRIANCAS",2019-05-29
"ADI","CONVENCAO DIREITOS PESSOAS DEFICIENCIA",2019-10-11
"HC","CONVENCAO AMERICANA DIREITOS HUMANOS",2006-02-21
"HC","CONVENCAO DIREITOS PESSOAS DEFICIENCIA",2020-09-22
"ADI","CONVENCAO DIREITOS PESSOAS DEFICIENCIA",2022-10-18
"ADI","CONVENCAO DIREITOS PESSOAS DEFICIENCIA",2022-05-09
"RE","CONVENCAO MONTREAL",2022-05-16
"ADI","CONVENCAO DIREITOS PESSOAS DEFICIENCIA",2022-11-10
"RE","PACTO INTERNACIONAL DIREITOS CIVIS POLITICOS",2019-05-08
"ADI","PACTO INTERNACIONAL DIREITOS CIVIS POLITICOS",2022-03-03
"ARE","PACTO INTERNACIONAL DIREITOS CIVIS POLITICOS",2017-10-05
"ADI","PACTO INTERNACIONAL DIREITOS CIVIS POLITICOS",2016-08-25
"ADI","PACTO INTERNACIONAL DIREITOS CIVIS POLITICOS",2016-08-25
"ADI","PACTO INTERNACIONAL DIREITOS CIVIS POLITICOS",2016-08-31
"HC","CONVENCAO AMERICANA DIREITOS HUMANOS",2021-11-11
"HC","CONVENCAO AMERICANA DIREITOS HUMANOS",2021-03-29
"AP","CONVENCAO VIENA DIREITO TRATADOS",2013-09-18
"ADI","CONVENCAO AMERICANA DIREITOS HUMANOS",2021-10-28
"ARE","CONVENCAO AMERICANA DIREITOS HUMANOS",2022-06-02
"ADPF","CONVENCAO AMERICANA DIREITOS HUMANOS",2022-05-23
"RE","CONVENCAO AMERICANA DIREITOS HUMANOS",2022-06-08
"ADI","CONVENCAO NACOES UNIDAS CONTRA CRIME ORGANIZADO TRANSNACIONAL",2018-06-20
"HC","CONVENCAO VIENA DIREITO TRATADOS",2020-10-10
"HC","CONVENCAO VIENA DIREITO TRATADOS",2020-10-10
"HC","CONVENCAO VIENA DIREITO TRATADOS",2020-10-10
"ACO","CONVENCAO VIENA DIREITO TRATADOS",2020-09-08
"ADPF","PACTO INTERNACIONAL DIREITOS CIVIS POLITICOS",2020-05-29
"ADPF","PACTO INTERNACIONAL DIREITOS ECONOMICOS SOCIAIS CULTURAIS",2020-06-29
"EXT","CONVENCAO VIENA DIREITO TRATADOS",2016-11-09
"RE","CONVENCAO VIENA DIREITO TRATADOS",2008-12-03
"RE","CONVENCAO VIENA DIREITO TRATADOS",2008-12-03
"HC","CONVENCAO VIENA DIREITO TRATADOS",2008-12-03
"HC","CONVENCAO VIENA DIREITO TRATADOS",2008-09-23
"HC","CONVENCAO VIENA DIREITO TRATADOS",2008-09-23
"ADC","CONVENCAO VIENA DIREITO TRATADOS",2023-06-19
"RE","CONVENCAO VIENA DIREITO TRATADOS",2020-08-05
"RCL","CONVENCAO DIREITOS PESSOAS DEFICIENCIA",2022-11-28
"AP","CONVENCAO NACOES UNIDAS CONTRA CORRUPCAO CONVENCAO",2012-12-17
"PET","PACTO INTERNACIONAL DIREITOS CIVIS POLITICOS",2020-08-18
"RE","CONVENCAO UNIFICACAO CERTAS REGRAS RELATIVAS TRANSPORTE AEREO INTERNACIONAL",2022-08-29
"ADC","CONVENCAO AMERICANA DIREITOS HUMANOS",2017-06-08
"RE","CONVENCAO VARSOVIA",2022-08-29
"AO","CONVENCAO DIREITOS PESSOAS DEFICIENCIA",2017-09-22
"RE","CONVENCAO UNIFICACAO CERTAS REGRAS RELATIVAS TRANSPORTE AEREO INTERNACIONAL",2022-08-29
"RCL","CONVENCAO VARSOVIA",2022-03-28
"EXT","CONVENCAO RELATIVA ESTATUTO REFUGIADOS",2007-03-21
"ADI","CONVENCAO VIENA DIREITO TRATADOS",2016-08-31
"ACI","CONVENCAO VIENA RELACOES DIPLOMATICAS",1983-02-01
"ADI","CONVENCAO VIENA DIREITO TRATADOS",2021-10-14
"ARE","CONVENCAO VIENA DIREITO TRATADOS",2020-11-26
"RE","CONVENCAO TRANSITO VIARIO",2018-11-14
"ADI","CONVENCAO VIENA DIREITO TRATADOS",2020-10-26
"RE","CONVENCAO VIENA DIREITO TRATADOS",2019-05-22
"ADI","CONVENCAO VIENA DIREITO TRATADOS",2016-05-19
"ADI","CONVENCAO VIENA DIREITO TRATADOS",2020-03-27
"HC","CONVENCAO VIENA DIREITO TRATADOS",2018-03-13
"ADI","CONVENCAO VIENA DIREITO TRATADOS",2017-09-27
"ADI","CONVENCAO VIENA DIREITO TRATADOS",2017-08-24
"ACO","CONVENCAO VIENA RELACOES CONSULARES",2007-04-11
"ACO","CONVENCAO VIENA RELACOES CONSULARES",2006-08-30
"ACO","CONVENCAO VIENA RELACOES CONSULARES",2015-02-24
"RE","CONVENCAO SUBSTANCIAS PSICOTROPICAS",2020-11-26
"INQ","CONVENCAO NACOES UNIDAS CONTRA CORRUPCAO",2017-06-13
"EXT","CONVENCAO RELATIVA ESTATUTO REFUGIADOS",2020-10-20
"EXT","CONVENCAO RELATIVA ESTATUTO REFUGIADOS",2020-10-20
"EXT","CONVENCAO RELATIVA ESTATUTO REFUGIADOS",2019-05-07
"EXT","CONVENCAO RELATIVA ESTATUTO REFUGIADOS",2016-11-09
"RE","CONVENCAO UNIFICACAO CERTAS REGRAS RELATIVAS TRANSPORTE AEREO INTERNACIONAL",2022-08-29
"RE","CONVENCAO UNIFICACAO CERTAS REGRAS RELATIVAS TRANSPORTE AEREO INTERNACIONAL",2023-06-05
"EXT","CONVENCAO UNICA NOVA IORQUE ENTORPECENTES",2007-04-23
"EXT","CONVENCAO UNICA NOVA IORQUE ENTORPECENTES",2012-06-26
"EXT","CONVENCAO UNICA NOVA IORQUE ENTORPECENTES",2016-08-09
"EXT","CONVENCAO UNICA NOVA IORQUE ENTORPECENTES",2017-08-01
"EXT","CONVENCAO VIENA RELACOES CONSULARES",2009-10-22
"EXT","CONVENCAO UNICA NOVA IORQUE ENTORPECENTES",2006-10-19
"EXT","CONVENCAO UNICA NOVA IORQUE ENTORPECENTES",2005-10-20
"HC","CONVENCAO UNICA NOVA IORQUE ENTORPECENTES",2006-04-11
"EXT","CONVENCAO UNICA NOVA IORQUE ENTORPECENTES",2007-03-07
"ADI","CONVENCAO NACOES UNIDAS CONTRA CORRUPCAO",2018-06-20
"HC","CONVENCAO DIREITOS CRIANCAS",2020-08-24
"HC","CONVENCAO NACOES UNIDAS CONTRA CORRUPCAO",2015-08-27
"ADC","CONVENCAO NACOES UNIDAS CONTRA CORRUPCAO",2019-11-07
"RE","CONVENCAO VIENA RELACOES DIPLOMATICAS",2013-05-15
"RE","CONVENCAO VIENA RELACOES DIPLOMATICAS",2013-05-15
"RE","CONVENCAO VIENA RELACOES CONSULARES",2013-05-15
"RE","CONVENCAO VIENA RELACOES CONSULARES",2013-05-15
"ADPF","CONVENCAO VIENA DIREITO TRATADOS",2009-06-24
"ADI","REGULAMENTO SANITARIO INTERNACIONAL",2020-05-07
"ADI","CONVENCAO VIENA DIREITO TRATADOS",1997-09-04
"RE","ESTATUTO ROMA TRIBUNAL PENAL INTERNACIONAL",2012-03-22
"RE","ESTATUTO ROMA TRIBUNAL PENAL INTERNACIONAL",2012-03-22
"ADI","CONVENCAO EUROPEIA DIREITOS HUMANOS",2008-10-16
"ADI","CONVENCAO DIREITOS CRIANCAS",2020-10-13
"HC","CONVENCAO AMERICANA DIREITOS HUMANOS",2012-06-12
"AP","ESTATUTO ROMA TRIBUNAL PENAL INTERNACIONAL",2017-10-17
"AP","ESTATUTO ROMA TRIBUNAL PENAL INTERNACIONAL",2014-12-02
"AP","ESTATUTO ROMA TRIBUNAL PENAL INTERNACIONAL",2016-12-13
"EXT","TRATADO EXTRADICAO BRASIL ARGENTINA",2012-09-11
"RE","CONVENCAO CARTA NACOES UNIDAS",2013-05-15
"RE","CONVENCAO CARTA NACOES UNIDAS",2013-05-15
"EXT","CONVENCAO DIREITO INTERNACIONAL PRIVADO ASSINADA HAVANA CODIGO BUSTAMENTE",2013-06-11
"EXT","CONVENCAO DIREITO INTERNACIONAL PRIVADO ASSINADA HAVANA CODIGO BUSTAMENTE",2015-12-15
"HC","PACTO INTERNACIONAL DIREITOS CIVIS POLITICOS",2020-10-10
"ADPF","CONVENCAO NACOES UNIDAS CONTRA CORRUPCAO",2022-12-19
"HC","CONVENCAO AMERICANA DIREITOS HUMANOS",2023-07-03
"ADI","ATO CONFERENCIA INTERNACIONAL SAUDE",2020-05-06
"ADPF","CONVENCAO AMERICANA DIREITOS HUMANOS",2021-12-14
"ADPF","CONVENCAO QUADRO NACOES UNIDAS MUDANCA CLIMA",2022-07-04
"ADPF","CONVENCAO QUADRO NACOES UNIDAS MUDANCA CLIMA",2022-04-28
"ADC","CONVENCAO QUADRO NACOES UNIDAS MUDANCA CLIMA",2018-02-28
"ARE","CONVENCAO AMERICANA DIREITOS HUMANOS",2022-06-27
"RE","CONVENCAO AMERICANA DIREITOS HUMANOS",2010-11-17
"RE","CONVENCAO AMERICANA DIREITOS HUMANOS",2010-10-27
"RE","CONVENCAO AMERICANA DIREITOS HUMANOS",2021-11-11
"HC","CONVENCAO AMERICANA DIREITOS HUMANOS",2021-10-28
"HC","CONVENCAO AMERICANA DIREITOS HUMANOS",2019-03-01
"RE","CONVENCAO AMERICANA DIREITOS HUMANOS",2016-06-08
"PPE","CONVENCAO AMERICANA DIREITOS HUMANOS",2015-11-10
"ADI","CONVENCAO AMERICANA DIREITOS HUMANOS",2021-03-22
"ACO","CONVENCAO AMERICANA DIREITOS HUMANOS",2021-10-19
"RE","CONVENCAO AMERICANA DIREITOS HUMANOS",2019-12-04
"HC","CONVENCAO AMERICANA DIREITOS HUMANOS",1998-03-30
"HC","CONVENCAO AMERICANA DIREITOS HUMANOS",1995-11-23
"RE","CONVENCAO AMERICANA DIREITOS HUMANOS",2020-08-05
"ADI","CONVENCAO AMERICANA DIREITOS HUMANOS",2012-02-09
"RE","CONVENCAO AMERICANA DIREITOS HUMANOS",2020-03-12
"HC","CONVENCAO CONTRA TORTURA OUTROS TRATAMENTOS PENAS CRUEIS DESUMANOS DEGRADANTES",2020-08-24
"EXT","CONVENCAO CONTRA TORTURA OUTROS TRATAMENTOS PENAS CRUEIS DESUMANOS DEGRADANTES",2016-11-09
"EXT","CONVENCAO CONTRA TRAFICO ILICITO ENTORPECENTES SUBSTANCIAS PSICOTROPICAS",2017-04-25
"RE","CONVENCAO CONTRA TRAFICO ILICITO ENTORPECENTES SUBSTANCIAS PSICOTROPICAS",2017-05-17
"INQ","CONVENCAO CONTRA TRAFICO ILICITO ENTORPECENTES SUBSTANCIAS PSICOTROPICAS",2019-12-03
"HC","CONVENCAO CONTRA TRAFICO ILICITO ENTORPECENTES SUBSTANCIAS PSICOTROPICAS",2017-06-02
"AP","CONVENCAO CONTRA TRAFICO ILICITO ENTORPECENTES SUBSTANCIAS PSICOTROPICAS",2017-05-23
"EXT","CONVENCAO CONTRA TRAFICO ILICITO ENTORPECENTES SUBSTANCIAS PSICOTROPICAS",2021-03-29
"AP","CONVENCAO CONTRA TRAFICO ILICITO ENTORPECENTES SUBSTANCIAS PSICOTROPICAS",2020-11-10
"ADPF","CONVENCAO AMERICANA DIREITOS HUMANOS",2021-04-19
"ADI","CONVENCAO NACOES UNIDAS DIREITO MAR",2023-07-03
"INQ","CONVENCAO NACOES UNIDAS CONTRA CORRUPCAO",2019-03-14
"INQ","CONVENCAO NACOES UNIDAS CONTRA CORRUPCAO",2019-12-03
"HC","CONVENCAO NACOES UNIDAS CONTRA CORRUPCAO",2021-02-24
"MS","CONVENCAO NACOES UNIDAS CONTRA CORRUPCAO",2021-03-30
"AP","CONVENCAO NACOES UNIDAS CONTRA CORRUPCAO",2020-11-10
"EXT","CONVENCAO NACOES UNIDAS CONTRA CRIME ORGANIZADO TRANSNACIONAL",2021-03-29
"AP","CONVENCAO NACOES UNIDAS CONTRA CRIME ORGANIZADO TRANSNACIONAL",2014-02-27
"MS","CONVENCAO NACOES UNIDAS CONTRA CRIME ORGANIZADO TRANSNACIONAL",2021-03-30
"EXT","CONVENCAO NACOES UNIDAS CONTRA CRIME ORGANIZADO TRANSNACIONAL",2018-03-13
"INQ","CONVENCAO NACOES UNIDAS CONTRA CRIME ORGANIZADO TRANSNACIONAL",2019-12-03
"EXT","CONVENCAO NACOES UNIDAS CONTRA CRIME ORGANIZADO TRANSNACIONAL",2020-09-22
"RHC","CONVENCAO NACOES UNIDAS CONTRA CRIME ORGANIZADO TRANSNACIONAL",2014-12-09
"RE","CONVENCAO NACOES UNIDAS CONTRA CRIME ORGANIZADO TRANSNACIONAL",2019-12-04
"EXT","CONVENCAO NACOES UNIDAS CONTRA CRIME ORGANIZADO TRANSNACIONAL",2016-11-09
"ADC","CONVENCAO NACOES UNIDAS CONTRA CRIME ORGANIZADO TRANSNACIONAL",2019-11-07
"ADI","CONVENCAO NACOES UNIDAS CONTRA CRIME ORGANIZADO TRANSNACIONAL",2023-07-03
"ADI","CONVENCAO NACOES UNIDAS CONTRA CRIME ORGANIZADO TRANSNACIONAL",2023-07-03
"EXT","CONVENCAO NACOES UNIDAS CONTRA CRIME ORGANIZADO TRANSNACIONAL",2019-12-17
"ARE","CONVENCAO NACOES UNIDAS IMUNIDADE JURISDICAO ESTADOS SUAS PROPRIEDADES",2017-05-11
"RE","CONVENCAO BAMAKO RELATIVA INTERDICAO IMPORTACAO LIXOS PERIGOSOS AFRICA CONTROLE MOVIMENTACAO TRANSFRONTEIRAS GESTAO DESSES LIXOS AFRICA",2016-06-08
"ADI","CONVENCAO BASILEIA CONTROLE MOVIMENTOS TRANSFRONTEIRICOS RESIDUOS PERIGOSOS SEU DEPOSITO",2021-04-27
"ADI","CONVENCAO BERNA PROTECAO OBRAS LITERARIAS ARTISTICAS",2016-10-27
"ADI","CONVENCAO ESTOCOLMO POLUENTES ORGANICOS PERSISTENTES",2021-05-12
"RCL","CONVENCAO GENEBRA RELATIVA ESTATUTO REFUGIADOS",2011-06-08
"RE","CONVENCAO GENEBRA",1977-06-01
"AI","CONVENCAO HAIA ASPECTOS CIVIS SEQUESTRO INTERNACIONAL CRIANCAS",2010-05-18
"ADPF","CONVENCAO HAIA ASPECTOS CIVIS SEQUESTRO INTERNACIONAL CRIANCAS",2009-06-10
"RE","CONVENCAO MINAMATA MERCURIO",2020-04-20
"RE","CONVENCAO PARIS PROTECAO MEIO MARINHO ATLANTICO NORDESTE",2016-06-08
"ADI","CONVENCAO SEGURANCA NUCLEAR VIENA",2022-10-24
"ADI","CONVENCAO SEGURANCA NUCLEAR VIENA",2022-10-24
"RE","CONVENCAO VARSOVIA",2012-02-28
"ARE","CONVENCAO VARSOVIA",2019-09-17
"ADI","CONVENCAO VARSOVIA",2023-06-26
"RE","CONVENCAO VARSOVIA",2022-08-29
"RE","CONVENCAO VARSOVIA",2023-06-05
"RE","CONVENCAO VARSOVIA",2022-08-29
"RE","CONVENCAO VARSOVIA",2022-03-21
"RE","CONVENCAO VARSOVIA",2022-09-05
"RE","CONVENCAO VARSOVIA",2022-12-15
"ARE","CONVENCAO VARSOVIA",2022-05-16
"AI","CONVENCAO VARSOVIA",2019-02-15
"HC","CONVENCAO CONTRA TRAFICO ILICITO ENTORPECENTES SUBSTANCIAS PSICOTROPICAS",2012-06-05
"RE","CONVENCAO VIENA DIREITO TRATADOS",2019-12-04
"ACO","CONVENCAO VIENA RELACOES CONSULARES",2007-04-11
"ACO","CONVENCAO VIENA RELACOES CONSULARES",2003-03-26
"ARE","CONVENCAO VIENA RELACOES CONSULARES",2021-06-08
"ARE","CONVENCAO VIENA RELACOES DIPLOMATICAS",2017-05-11
"ACO","CONVENCAO VIENA RELACOES DIPLOMATICAS",2007-04-11
"ACO","CONVENCAO VIENA RELACOES DIPLOMATICAS",2003-03-26
"ARE","CONVENCAO VIENA RELACOES DIPLOMATICAS",2021-06-08
"EXT","CONVENCAO VIENA RELACOES DIPLOMATICAS",2008-06-19
"RE","CONVENCAO EUROPEIA DIREITOS HUMANOS",2008-12-03
"HC","CONVENCAO EUROPEIA DIREITOS HUMANOS",2009-02-05
"ACO","CONVENCAO EUROPEIA IMUNIDADE ESTADOS",2007-04-11
"ACO","CONVENCAO EUROPEIA IMUNIDADE ESTADOS",2006-08-30
"ACO","CONVENCAO EUROPEIA IMUNIDADE ESTADOS",2007-04-11
"AP","CONVENCAO INTERAMERICANA CONTRA CORRUPCAO",2012-12-17
"MS","CONVENCAO INTERAMERICANA CONTRA CORRUPCAO",2021-03-30
"INQ","CONVENCAO INTERAMERICANA CONTRA CORRUPCAO",2019-03-14
"AP","CONVENCAO INTERAMERICANA CONTRA CORRUPCAO",2020-11-10
"RE","CONVENCAO INTERAMERICANA CONTRA CORRUPCAO",2019-12-04
"ADC","CONVENCAO INTERAMERICANA CONTRA CORRUPCAO",2019-11-07
"ADI","CONVENCAO INTERAMERICANA CONTRA FABRICACAO TRAFICO ILICITOS ARMAS FOGO MUNICOES EXPLOSIVOS OUTROS MATERIAIS CORRELATOS",2023-07-03
"ADI","CONVENCAO INTERAMERICANA CONTRA FABRICACAO TRAFICO ILICITOS ARMAS FOGO MUNICOES EXPLOSIVOS OUTROS MATERIAIS CORRELATOS",2023-07-03
"RE","CONVENCAO INTERAMERICANA CONTRA TERRORISMO",2019-12-04
"ADI","CONVENCAO INTERAMERICANA ELIMINACAO TODAS FORMAS DISCRIMINACAO CONTRA PESSOAS PORTADORAS DEFICIENCIA",2016-06-09
"EXT","CONVENCAO INTERAMERICANA PREVENIR PUNIR TORTURA",2016-11-09
"INQ","CONVENCAO INTERAMERICANA PREVENIR PUNIR ERRADICAR VIOLENCIA CONTRA MULHER",2016-06-21
"RE","CONVENCAO INTERAMERICANA PREVENIR PUNIR ERRADICAR VIOLENCIA CONTRA MULHER",2014-11-27
"ADI","CONVENCAO INTERAMERICANA PREVENIR PUNIR ERRADICAR VIOLENCIA CONTRA MULHER",2012-02-09
"ADI","CONVENCAO INTERAMERICANA PREVENIR PUNIR ERRADICAR VIOLENCIA CONTRA MULHER",2019-05-29
"ADPF","CONVENCAO INTERAMERICANA PREVENIR PUNIR ERRADICAR VIOLENCIA CONTRA MULHER",2021-03-15
"EXT","CONVENCAO INTERAMERICANA DESAPARECIMENTO FORCADO PESSOAS",2017-12-12
"HC","CONVENCAO INTERNACIONAL CONTRA GENOCIDIO",2003-09-17
"ADI","CONVENCAO INTERNACIONAL PROTECAO ARTISTAS INTERPRETES EXECUTANTES PRODUTORES FONOGRAMAS ORGANISMOS RADIODIFUSAO",2016-10-27
"RHC","CONVENCAO INTERNACIONAL ELIMINACAO TODAS FORMAS DISCRIMINACAO RACIAL",2023-02-07
"HC","CONVENCAO INTERNACIONAL ELIMINACAO TODAS FORMAS DISCRIMINACAO RACIAL",2021-10-28
"ADI","CONVENCAO INTERNACIONAL ELIMINACAO TODAS FORMAS DISCRIMINACAO RACIAL",2012-02-09
"ADI","CONVENCAO INTERNACIONAL NORMAS TREINAMENTO MARITIMOS EXPEDICAO CERTIFICADOS SERVICO QUARTO",2019-09-13
"RE","CONVENCAO DIREITOS PESSOAS DEFICIENCIA",2022-12-17
"RE","CONVENCAO DIREITOS PESSOAS DEFICIENCIA",2020-05-29
"ADI","CONVENCAO DIREITOS PESSOAS DEFICIENCIA",2017-11-08
"HC","CONVENCAO DIREITOS PESSOAS DEFICIENCIA",2022-12-05
"ADI","CONVENCAO N 162 OIT UTILIZACAO ASBESTO SEGURANCA",2015-10-07
"ADPF","CONVENCAO PROTECAO FLORA FAUNA BELEZAS CENICAS NATURAIS PAISES AMERICAS",2022-05-23
"ARE","CONVENCAO PROTECAO FLORA FAUNA BELEZAS CENICAS NATURAIS PAISES AMERICAS",2013-05-02
"EXT","CONVENCAO REDUCAO CASOS APATRIDIA",2020-09-22
"MS","CONVENCAO REDUCAO CASOS APATRIDIA",2020-02-18
"RE","CONVENCAO UNIFICACAO CERTAS REGRAS RELATIVAS TRANSPORTE AEREO INTERNACIONAL",2022-03-09
"RE","CONVENCAO UNIFICACAO CERTAS REGRAS RELATIVAS TRANSPORTE AEREO INTERNACIONAL",2020-06-22
"RCL","CONVENCAO UNIFICACAO CERTAS REGRAS RELATIVAS TRANSPORTE AEREO INTERNACIONAL",2021-02-24
"RCL","CONVENCAO UNIFICACAO CERTAS REGRAS RELATIVAS TRANSPORTE AEREO INTERNACIONAL",2022-09-05
"RE","CONVENCAO UNIFICACAO CERTAS REGRAS RELATIVAS TRANSPORTE AEREO INTERNACIONAL",2022-09-05
"RE","CONVENCAO UNIFICACAO CERTAS REGRAS RELATIVAS TRANSPORTE AEREO INTERNACIONAL",2022-12-15
"ARE","CONVENCAO UNIFICACAO CERTAS REGRAS RELATIVAS TRANSPORTE AEREO INTERNACIONAL",2020-06-08
"RE","CONVENCAO UNIFICACAO CERTAS REGRAS RELATIVAS TRANSPORTE AEREO INTERNACIONAL",2022-08-29
"RE","CONVENCAO QUADRO NACOES UNIDAS MUDANCA CLIMA",2016-06-08
"ADI","CONVENCAO QUADRO NACOES UNIDAS MUDANCA CLIMA",2017-08-24
"RE","CONVENCAO RELATIVA LEI UNIFORME LETRAS CAMBIO NOTAS PROMISSORIAS",2008-12-03
"ADPF","CONVENCAO RELATIVA PROTECAO CIVIS TEMPO GUERRA",2020-08-18
"ADPF","CONVENCAO RELATIVA ROMPIMENTO HOSTILIDADES SEGUNDA CONFERENCIA PAZ 1907",2020-08-18
"HC","CONVENCAO RELATIVA ROMPIMENTO HOSTILIDADES SEGUNDA CONFERENCIA PAZ 1907",1955-12-07
"EXT","CONVENCAO RELATIVA LEIS USOS GUERRA TERRESTRE",2016-11-09
"INQ","CONVENCAO ELIMINACAO TODAS FORMAS DISCRIMINACAO CONTRA MULHER",2016-06-21
"ADC","CONVENCAO ELIMINACAO TODAS FORMAS DISCRIMINACAO CONTRA MULHER",2012-02-09
"ADI","CONVENCAO ASSISTENCIA MUTUA ADMINISTRATIVA MATERIA TRIBUTARIA",2016-02-24
"RE","CONVENCAO ASSISTENCIA MUTUA ADMINISTRATIVA MATERIA TRIBUTARIA",2019-12-04
"ARE","CONVENCAO AVIACAO CIVIL INTERNACIONAL",2017-05-25
"ADI","CONVENCAO DIREITOS PESSOAS DEFICIENCIA",2023-03-13
"ADI","CONVENCAO DIREITOS HUMANOS BIOMEDICINA CONSELHO EUROPA",2008-05-29
"ADI","CONVENCAO DIVERSIDADE BIOLOGICA",2021-04-27
"ARE","CONVENCAO DIVERSIDADE BIOLOGICA",2013-05-02
"RE","CONVENCAO DIVERSIDADE BIOLOGICA",2016-06-08
"ADI","CONVENCAO DIVERSIDADE BIOLOGICA",2017-08-24
"ADPF","CONVENCAO DIVERSIDADE BIOLOGICA",2022-05-23
"ARE","CONVENCAO COMERCIO ESPECIES FLORA FAUNA SELVAGENS PERIGO EXTINCAO",2013-05-02
"ADI","CONVENCAO CONTROLE MOVIMENTOS TRANSFRONTEIRICOS RESIDUOS PERIGOSOS SEU DEPOSITO",2023-02-23
"ADI","CONVENCAO CONTROLE MOVIMENTOS TRANSFRONTEIRICOS RESIDUOS PERIGOSOS SEU DEPOSITO",2023-02-23
"RMS","CONVENCAO ESTATUTO APATRIDAS",2013-02-07
"EXT","CONVENCAO ASPECTOS CIVIS SEQUESTRO INTERNACIONAL CRIANCAS",2015-06-30
"RE","CONVENCAO DIREITOS CRIANCAS",2015-10-29
"HC","CONVENCAO DIREITOS CRIANCAS",2014-08-19
"ADPF","CONVENCAO DIREITOS CRIANCAS",2020-08-18
"ADI","CONVENCAO DIREITOS PESSOAS DEFICIENCIA",2008-05-08
"ADPF","CONVENCAO PREVENCAO POLUICAO MARINHA POR ALIJAMENTO RESIDUOS OUTRAS MATERIAS",2022-05-23
"ADPF","CONVENCAO PREVENCAO POLUICAO MARINHA POR ALIJAMENTO RESIDUOS OUTRAS MATERIAS",2021-12-14
"RE","CONVENCAO SUBSTANCIAS PSICOTROPICAS",2017-05-17
"ADPF","CONVENCAO ZONAS UMIDAS IMPORTANCIA INTERNACIONAL ESPECIALMENTE COMO HABITAT AVES AQUATICAS",2022-05-23
"ADPF","CONVENCAO ZONAS UMIDAS IMPORTANCIA INTERNACIONAL ESPECIALMENTE COMO HABITAT AVES AQUATICAS",2021-12-14
"EXT","CONVENCAO UNICA NOVA IORQUE ENTORPECENTES",2009-10-22
"EXT","CONVENCAO UNICA NOVA IORQUE ENTORPECENTES",2004-08-05
"EXT","CONVENCAO UNICA NOVA IORQUE ENTORPECENTES",2007-04-02
"EXT","CONVENCAO UNICA NOVA IORQUE ENTORPECENTES",2007-05-17
"EXT","CONVENCAO UNICA NOVA IORQUE ENTORPECENTES",2007-12-13
"EXT","CONVENCAO UNICA NOVA IORQUE ENTORPECENTES",1996-06-27
"RE","CONVENCAO UNICA NOVA IORQUE ENTORPECENTES",2017-05-17
"EXT","CONVENCAO UNICA NOVA IORQUE ENTORPECENTES",2019-10-15
"ADI","CONVENCAO UNIVERSAL DIREITO AUTOR",2016-10-27
"RE","CONVENIO NACOES UNIDAS CONTRA CRIME ORGANIZADO TRANSNACIONAL",2017-05-17
"HC","CONVENIO EUROPEU PROTECAO DIREITOS HUMANOSE LIBERDADES FUNDAMENTAIS",2003-09-17
"HC","CONVENCAO AMERICANA DIREITOS HUMANOS",2020-10-10
"HC","CONVENCAO AMERICANA DIREITOS HUMANOS",2020-10-10
"RE","ACORDO CONSTITUTIVO OMC",2010-08-12
"RE","ACORDO SUBSIDIOS MEDIDAS COMPENSATORIAS",2010-08-12
"ADI","CONVENIO DIREITOS HUMANOS BIOMEDICINA CONSELHO EUROPA",2008-05-29
"HC","CONVENCAO AMERICANA DIREITOS HUMANOS",2016-08-09
"HC","CONVENCAO AMERICANA DIREITOS HUMANOS",2016-02-17
"RE","CONVENCAO AMERICANA DIREITOS HUMANOS",2017-02-09
"HC","CONVENCAO NACOES UNIDAS CONTRA CRIME ORGANIZADO TRANSNACIONAL",2010-12-14
"RE","CONVENCAO WASHINGTON COMERCIO INTERNACIONAL ESPECIES FLORA FAUNA SELVAGENS PERIGO EXTINCAO",2017-02-09
"HC","CONVENCAO INTERAMERICANA CONTRA CORRUPCAO",2016-02-17
"RE","CONVENCAO PROTECAO FLORA FAUNA BELEZAS CENICAS PAISES AMERICA",2017-02-09
"RE","CONVENCAO QUADRO NACOES UNIDAS MUDANCA CLIMA",2017-02-09
"HC","CONVENCAO AMERICANA DIREITOS HUMANOS",2008-10-07
"HC","CONVENCAO AMERICANA DIREITOS HUMANOS",2008-10-07
"HC","CONVENCAO AMERICANA DIREITOS HUMANOS",2007-04-17
"HC","CONVENCAO PROTECAO DIREITOS HOMEM LIBERDADES FUNDAMENTAIS",2003-09-17
"RE","CONVENCAO MONTREAL",2022-08-29
"ADI","CONVENCAO CONTRATO ENGAJAMENTO MARINHEIROS OIT",2019-09-13
"ADPF","CONVENCAO DIREITOS CRIANCAS",2012-04-12
"INQ","CONVENCAO TRABALHO FORCADO OBRIGATORIO OIT",2012-02-23
"RE","CONVENCAO TRABALHO FORCADO OBRIGATORIO OIT",2015-11-26
"ADI","CONVENCAO RELATIVA MINIMO CAPACIDADE PROFISSIONAL CAPITAES OFICIAIS MARINHA MERCANTE OIT",2019-09-13
"ADC","CONVENCAO INSPECAO TRABALHO INDUSTRIA NO COMERCIO",2023-06-19
"ADI","CONVENCAO INSPECAO TRABALHO INDUSTRIA NO COMERCIO",2020-05-11
"ADI","CONVENCAO INSPECAO TRABALHO INDUSTRIA NO COMERCIO",2020-04-29
"MS","CONVENCAO OIT 087 LIBERDADE SINDICAL PROTECAO DIREITO SINDICALIZACAO",2014-03-18
"ARE","CONVENCAO OIT 087 LIBERDADE SINDICAL PROTECAO DIREITO SINDICALIZACAO",2017-04-05
"ARE","CONVENCAO OIT 087 LIBERDADE SINDICAL PROTECAO DIREITO SINDICALIZACAO",2022-06-02
"ADPF","CONVENCAO OIT 087 LIBERDADE SINDICAL PROTECAO DIREITO SINDICALIZACAO",2020-05-15
"RE","CONVENCAO OIT 087 LIBERDADE SINDICAL PROTECAO DIREITO SINDICALIZACAO",2018-08-30
"ADI","CONVENCAO RELATIVA ALOJAMENTO TRIPULACAO BORDO OIT",2019-09-13
"ADPF","CONVENCAO PROTECAO SALARIO OIT",2021-04-19
"ADI","CONVENCAO PROTECAO SALARIO OIT",2020-05-11
"ARE","CONVENCAO PROTECAO SALARIO OIT",2017-02-23
"RE","CONVENCAO N 98 RELATIVA APLICACAO PRINCIPIOS DIREITO ORGANIZACAO NEGOCIACAO COLETIVA",2015-04-30
"RE","CONVENCAO N 98 RELATIVA APLICACAO PRINCIPIOS DIREITO ORGANIZACAO NEGOCIACAO COLETIVA",2022-06-08
"ADI","CONVENCAO OIT",2011-03-02
"ADI","CONVENCAO N 98 RELATIVA APLICACAO PRINCIPIOS DIREITO ORGANIZACAO NEGOCIACAO COLETIVA",2020-04-29
"ADI","CONVENCAO N 98 RELATIVA APLICACAO PRINCIPIOS DIREITO ORGANIZACAO NEGOCIACAO COLETIVA",2020-04-17
"ADI","CONVENCAO N 98 RELATIVA APLICACAO PRINCIPIOS DIREITO ORGANIZACAO NEGOCIACAO COLETIVA",2020-05-11
"ADPF","CONVENCAO N 98 RELATIVA APLICACAO PRINCIPIOS DIREITO ORGANIZACAO NEGOCIACAO COLETIVA",2020-05-15
"ADI","CONVENCAO N 98 RELATIVA APLICACAO PRINCIPIOS DIREITO ORGANIZACAO NEGOCIACAO COLETIVA",2020-05-11
"ARE","CONVENCAO N 98 RELATIVA APLICACAO PRINCIPIOS DIREITO ORGANIZACAO NEGOCIACAO COLETIVA",2017-02-23
"ADPF","CONVENCAO N 98 RELATIVA APLICACAO PRINCIPIOS DIREITO ORGANIZACAO NEGOCIACAO COLETIVA",2022-05-30
"RE","CONVENCAO PROTECAO MATERNIDADE OIT",2020-08-05
"ARE","CONVENCAO PROTECAO MATERNIDADE OIT",2022-05-09
"RE","CONVENCAO ABOLICAO TRABALHO FORCADO OIT",2015-11-26
"INQ","CONVENCAO ABOLICAO TRABALHO FORCADO OIT",2012-02-23
"MS","CONVENCAO POPULACOES INDIGENAS TRIBAIS",2020-10-05
"ADI","CONVENCAO CONDICOES EMPREGO TRABALHADORES FAZENDAS OIT",2017-09-27
"ADI","CONVENCAO DISCRIMINACAO MATERIA EMPREGO PROFISSAO OIT",2021-03-15
"ADI","CONVENCAO DISCRIMINACAO MATERIA EMPREGO PROFISSAO OIT",2019-05-29
"ADI","CONVENCAO DISCRIMINACAO MATERIA EMPREGO PROFISSAO OIT",2020-04-20
"ADI","CONVENCAO OBJETIVOS NORMAS BASICAS POLITICA SOCIAL OIT",2017-11-30
"ADI","CONVENCAO N 131 FIXACAO SALARIOS MINIMOS REFERENCIA ESPECIAL PAISES DESENVOLVIMENTO OIT",1996-05-22
"ADI","CONVENCAO N 131 FIXACAO SALARIOS MINIMOS REFERENCIA ESPECIAL PAISES DESENVOLVIMENTO OIT",2020-05-11
"ARE","CONVENCAO REFERENTE REPERCUSSOES SOCIAIS NOVOS METODOS PROCESSAMENTO CARGA PORTOS OIT",2019-03-29
"AI","CONVENCAO OIT",2012-05-22
"MI","CONVENCAO OIT",2013-02-06
"ADI","CONVENCAO IDADE MINIMA OIT",2020-10-13
"ADI","CONVENCAO IDADE MINIMA OIT",2019-09-13
"ADI","CONVENCAO OIT PREVENCAO CONTROLE RISCOS PROFISSIONAIS CAUSADOS PELAS SUBSTANCIAS AGENTES CANCERIGENOS",2017-08-24
"ADI","CONVENCAO OIT PREVENCAO CONTROLE RISCOS PROFISSIONAIS CAUSADOS PELAS SUBSTANCIAS AGENTES CANCERIGENOS",2017-11-30
"ADI","CONVENCAO OIT PREVENCAO CONTROLE RISCOS PROFISSIONAIS CAUSADOS PELAS SUBSTANCIAS AGENTES CANCERIGENOS",2023-02-23
"ADI","CONVENCAO OIT PREVENCAO CONTROLE RISCOS PROFISSIONAIS CAUSADOS PELAS SUBSTANCIAS AGENTES CANCERIGENOS",2023-02-23
"ADI","CONVENCAO CONTINUIDADE EMPREGO GENTE MAR OIT",2019-09-13
"ADI","CONVENCAO FERIAS REMUNERADAS ANUAIS GENTE MAR OIT",2020-05-11
"ADI","CONVENCAO NORMAS MINIMAS MARINHA MERCANTE OIT",2019-09-13
"RE","CONVENCAO PROTECAO TRABALHADORES CONTRA RISCOS PROFISSIONAIS DEVIDOS CONTAMINACAO AR RUIDO VIBRACOES NO LOCAL TRABALHO",2020-03-12
"MI","CONVENCAO OIT",2007-10-25
"MI","CONVENCAO OIT",2007-10-25
"RE","CONVENCAO RELACOES TRABALHO ADMINISTRACAO PUBLICA",2016-10-27
"RE","CONVENCAO INCENTIVO NEGOCIACAO COLETIVA",2015-04-30
"RE","CONVENCAO INCENTIVO NEGOCIACAO COLETIVA",2022-06-08
"ADI","CONVENCAO OIT",2011-03-02
"ADI","CONVENCAO INCENTIVO NEGOCIACAO COLETIVA",2020-04-29
"ADI","CONVENCAO INCENTIVO NEGOCIACAO COLETIVA",2020-04-17
"ADI","CONVENCAO INCENTIVO NEGOCIACAO COLETIVA",2020-05-11
"ADI","CONVENCAO INCENTIVO NEGOCIACAO COLETIVA",2020-06-29
"ADI","CONVENCAO INCENTIVO NEGOCIACAO COLETIVA",2020-05-11
"ADI","CONVENCAO INCENTIVO NEGOCIACAO COLETIVA",2020-06-04
"ADPF","CONVENCAO INCENTIVO NEGOCIACAO COLETIVA",2022-05-30
"ADI","CONVENCAO INCENTIVO NEGOCIACAO COLETIVA",2020-05-29
"ADI","CONVENCAO SEGURANCA SAUDE TRABALHADORES MEIO AMBIENTE TRABALHO",2020-06-16
"ADI","CONVENCAO SEGURANCA SAUDE TRABALHADORES MEIO AMBIENTE TRABALHO",2020-04-29
"RE","CONVENCAO SEGURANCA SAUDE TRABALHADORES MEIO AMBIENTE TRABALHO",2015-11-26
"RE","CONVENCAO SEGURANCA SAUDE TRABALHADORES MEIO AMBIENTE TRABALHO",2018-08-30
"ADI","CONVENCAO SEGURANCA SAUDE TRABALHADORES MEIO AMBIENTE TRABALHO",2017-08-24
"ADI","CONVENCAO SEGURANCA SAUDE TRABALHADORES MEIO AMBIENTE TRABALHO",2020-05-11
"ADI","CONVENCAO TERMINO RELACAO TRABALHO POR INICIATIVA EMPREGADOR OIT",1997-09-04
"RE","CONVENCAO TERMINO RELACAO TRABALHO POR INICIATIVA EMPREGADOR OIT",2022-06-08
"ADC","CONVENCAO TERMINO RELACAO TRABALHO POR INICIATIVA EMPREGADOR OIT",2023-06-19
"ARE","CONVENCAO TERMINO RELACAO TRABALHO POR INICIATIVA EMPREGADOR OIT",2022-06-02
"ADI","CONVENCAO N 162 OIT UTILIZACAO ASBESTO SEGURANCA",2017-08-24
"ADI","CONVENCAO N 162 OIT UTILIZACAO ASBESTO SEGURANCA",2017-11-30
"ADI","CONVENCAO N 162 OIT UTILIZACAO ASBESTO SEGURANCA",2020-08-18
"ADI","CONVENCAO N 162 OIT UTILIZACAO ASBESTO SEGURANCA",2023-02-23
"ADI","CONVENCAO N 162 OIT UTILIZACAO ASBESTO SEGURANCA",2023-02-23
"ADPF","CONVENCAO N 162 OIT UTILIZACAO ASBESTO SEGURANCA",2023-02-23
"ADI","CONVENCAO N 162 OIT UTILIZACAO ASBESTO SEGURANCA",2023-02-23
"ADI","CONVENCAO N 162 OIT UTILIZACAO ASBESTO SEGURANCA",2015-02-12
"ADI","CONVENCAO N 162 OIT UTILIZACAO ASBESTO SEGURANCA",2008-06-04
"ADPF","CONVENCAO N 162 OIT UTILIZACAO ASBESTO SEGURANCA",2011-09-28
"ADPF","CONVENCAO POVOS INDIGENAS TRIBAIS",2022-03-02
"ADI","CONVENCAO POVOS INDIGENAS TRIBAIS",2018-02-08
"ADPF","CONVENCAO POVOS INDIGENAS TRIBAIS",2020-08-05
"HC","CONVENCAO POVOS INDIGENAS TRIBAIS",2020-12-01
"INQ","CONVENCAO POVOS INDIGENAS TRIBAIS",2014-11-18
"MS","CONVENCAO POVOS INDIGENAS TRIBAIS",2020-10-05
"SL","CONVENCAO POVOS INDIGENAS TRIBAIS",2019-11-05
"SL","CONVENCAO POVOS INDIGENAS TRIBAIS",2019-12-20
"MS","CONVENCAO POVOS INDIGENAS TRIBAIS",2021-06-14
"ADI","CONVENCAO POVOS INDIGENAS TRIBAIS",2019-08-01
"ACO","CONVENCAO POVOS INDIGENAS TRIBAIS",2017-08-16
"ACO","CONVENCAO POVOS INDIGENAS TRIBAIS",2009-07-01
"PET","CONVENCAO POVOS INDIGENAS TRIBAIS",2013-10-23
"RE","CONVENCAO POVOS INDIGENAS TRIBAIS",2019-02-21
"ADPF","CONVENCAO OIT",2023-07-03
"ADI","CONVENCAO OIT 173 PROTECAO CREDITOS TRABALHISTAS INSOLVENCIA EMPREGADOR",2009-05-27
"ADI","CONVENCAO RELATIVA INSPECAO CONDICOES VIDA TRABALHO TRABALHADORES MARITIMOS OIT",2019-09-13
"ADI","CONVENCAO PROIBICAO PIORES FORMAS TRABALHO INFANTIL ACAO IMEDIATA SUA ELIMINACAO OIT",2020-10-13
"ADI","CONVENCAO PROTECAO MATERNIDADE OIT",2019-05-29
"HC","ESTATUTO ROMA TRIBUNAL PENAL INTERNACIONAL",2003-09-17
"RE","ESTATUTO ROMA TRIBUNAL PENAL INTERNACIONAL",2006-08-03
"RE","PACTO INTERNACIONAL DIREITOS CIVIS POLITICOS",2017-02-09
"ADI","CONVENCAO AMERICANA DIREITOS HUMANOS",2016-05-18
"RE","CONVENCAO AMERICANA DIREITOS HUMANOS",2019-05-31
"RE","PROTOCOLO MONTREAL",2009-03-17
"RE","PROTOCOLO MONTREAL",2009-03-17
"ARE","PROTOCOLO MONTREAL",2017-05-25
"ARE","PROTOCOLO MONTREAL",2017-05-25
"ARE","PROTOCOLO MONTREAL",2017-05-25
"HC","RESOLUCAO COMISSAO INTERAMERICANA DIREITOS HUMANOS CIDH",2020-12-01
"HC","RESOLUCAO COMISSAO INTERAMERICANA DIREITOS HUMANOS CIDH",2021-02-24
"ADI","RESOLUCAO COMISSAO INTERAMERICANA DIREITOS HUMANOS",2008-05-29
"ACO","RESOLUCAO CONSELHO ADMINISTRACAO ITAIPU RCA",2020-09-08
"ADPF","RESOLUCAO COMITE MINISTROS CONSELHO EUROPA",2009-04-30
"RE","RESOLUCAO ASSEMBLEIA GERAL ONU",2006-08-03
"HC","RESOLUCAO ASSEMBLEIA GERAL ORGANIZACAO NACOESUNIDAS ONU",2003-09-17
"RE","RESOLUCAO ASSEMBLEIA GERAL NACOES UNIDAS QUE INSTITUIU PROGRAMA NACOES UNIDAS O DESENVOLVIMENTO PNUD",2013-05-15
"RE","RESOLUCAO ASSEMBLEIA GERAL NACOES UNIDAS QUE INSTITUIU PROGRAMA NACOES UNIDAS O DESENVOLVIMENTO PNUD",2013-05-15
"ADI","RESOLUCAO ASSEMBLEIA GERAL ORGANIZACAO ESTADOS AMERICANOS",2016-05-18
"ADI","RESOLUCAO ASSEMBLEIA GERAL ORGANIZACAO ESTADOS AMERICANOS",2020-11-04
"ADPF","REGRAS MINIMAS NACOES UNIDAS TRATAMENTO RECLUSOS",2023-04-03
"EXT","TRATADO EXTRADICAO BRASIL ITALIA",2009-10-29
"HC","TRATADO AUXILIO MUTUO MATERIA PENAL BRASIL PORTUGAL",2010-12-14
"ACI","TRATADO COMERCIO NAVEGACAO BRASIL URUGUAI",1950-06-22
"EXT","TRATADO EXTRADICAO BRASIL EUA",2005-12-19
"EXT","TRATADO EXTRADICAO BRASIL ARGENTINA",2002-12-04
"EXT","TRATADO EXTRADICAO BRASIL ITALIA",2006-06-30
"EXT","TRATADO EXTRADICAO BRASIL FRANCA",2008-02-28
"EXT","TRATADO EXTRADICAO BRASIL ARGENTINA",2002-08-15
"HC","TRATADO EXTRADICAO BRASIL EUA",2007-12-13
"EXT","TRATADO EXTRADICAO BRASIL SUICA",2017-08-01
"RCL","CONVENCAO AMERICANA DIREITOS HUMANOS",2011-06-08
"ARE","PACTO INTERNACIONAL DIREITOS CIVIS POLITICOS",2022-06-27
"RE","PACTO INTERNACIONAL DIREITOS ECONOMICOS SOCIAIS CULTURAIS",2008-12-03
"RE","PACTO INTERNACIONAL DIREITOS CIVIS POLITICOS",2010-10-27
"RE","PACTO INTERNACIONAL DIREITOS CIVIS POLITICOS",2010-11-17
"ADI","PACTO INTERNACIONAL DIREITOS CIVIS POLITICOS",2020-10-13
"HC","PACTO INTERNACIONAL DIREITOS CIVIS POLITICOS",2019-03-01
"RE","PACTO INTERNACIONAL DIREITOS CIVIS POLITICOS",2020-08-05
"ARE","PACTO INTERNACIONAL DIREITOS CIVIS POLITICOS",2022-06-02
"HC","PACTO INTERNACIONAL DIREITOS CIVIS POLITICOS",2003-09-17
"ADC","PACTO INTERNACIONAL DIREITOS CIVIS POLITICOS",2017-06-08
"ACO","PACTO INTERNACIONAL DIREITOS CIVIS POLITICOS",2021-10-19
"HC","PACTO INTERNACIONAL DIREITOS CIVIS POLITICOS",2020-08-24
"ADI","PACTO INTERNACIONAL DIREITOS CIVIS POLITICOS",2021-03-22
"MS","PACTO INTERNACIONAL DIREITOS ECONOMICOS SOCIAIS CULTURAIS",2021-06-11
"PET","PACTO INTERNACIONAL DIREITOS ECONOMICOS SOCIAIS CULTURAIS",2020-08-18
"RE","PACTO INTERNACIONAL DIREITOS ECONOMICOS SOCIAIS CULTURAIS",2022-08-08
"ACO","PACTO INTERNACIONAL DIREITOS ECONOMICOS SOCIAIS CULTURAIS",2021-02-24
"ADI","PACTO INTERNACIONAL DIREITOS ECONOMICOS SOCIAIS CULTURAIS",2017-09-27
"MS","PACTO INTERNACIONAL DIREITOS ECONOMICOS SOCIAIS CULTURAIS",2017-03-07
"ADI","PACTO INTERNACIONAL DIREITOS ECONOMICOS SOCIAIS CULTURAIS",2019-05-29
"ADO","PACTO INTERNACIONAL DIREITOS ECONOMICOS SOCIAIS CULTURAIS",2019-06-13
"ADC","PACTO INTERNACIONAL DIREITOS ECONOMICOS SOCIAIS CULTURAIS",2017-06-08
"ADI","PACTO INTERNACIONAL DIREITOS ECONOMICOS SOCIAIS CULTURAIS",2020-10-13
"ADI","PACTO INTERNACIONAL DIREITOS ECONOMICOS SOCIAIS CULTURAIS",2021-10-20
"ADI","PACTO INTERNACIONAL DIREITOS ECONOMICOS SOCIAIS POLITICOS",2020-10-13
"ADPF","CONVENCAO AMERICANA DIREITOS HUMANOS",2022-05-23
"ADPF","CONVENCAO AMERICANA DIREITOS HUMANOS",2020-06-29
"ADI","CONVENCAO AMERICANA DIREITOS HUMANOS",2020-10-13
"HC","PROTOCOLO ADICIONAL TRATADO EXTRADICAO CRIMINOSOS BRASIL URUGUAI",1996-04-10
"ADI","PROTOCOLO CARTAGENA BIOSSEGURANCA CONVENCAO DIVERSIDADE BIOLOGICA",2017-08-24
"RE","PROTOCOLO HAIA",2009-03-17
"ADPF","PROTOCOLO QUIOTO",2022-07-04
"ADPF","PROTOCOLO QUIOTO",2022-04-28
"ADC","PROTOCOLO QUIOTO",2018-02-28
"EXT","PROTOCOLO REVISAO GENEBRA",1996-06-27
"ADC","CONVENCAO ELIMINACAO TODAS FORMAS DISCRIMINACAO CONTRA MULHER",2012-02-09
"ADI","PROTOCOLO FACULTATIVO CONVENCAO DIREITOS PESSOAS DEFICIENCIA",2008-05-08
"RE","CONVENCAO DIREITOS CRIANCAS",2015-10-29
"ADI","REGULAMENTO SANITARIO INTERNACIONAL",2020-05-13
"HC","TRATADO ASSISTENCIA MUTUA MATERIA PENAL BRASIL CANADA",2019-04-23
"INQ","TRATADO ASSISTENCIA MUTUA MATERIA PENAL BRASIL CANADA",2017-08-22
"INQ","TRATADO ASSISTENCIA MUTUA MATERIA PENAL BRASIL CANADA",2017-03-14
"RE","TRATADO COMERCIO NAVEGACAO BRASIL URUGUAI",2020-08-05
"RE","TRATADO COMERCIO NAVEGACAO BRASIL URUGUAI",2008-12-03
"RE","TRATADO COMERCIO NAVEGACAO BRASIL URUGUAI",2008-12-03
"RE","TRATADO COMERCIO BRASIL ESTADOS UNIDOS",2008-12-03
"RE","TRATADO COMERCIO BRASIL ESTADOS UNIDOS",2008-12-03
"EXT","TRATADO COOPERACAO JURIDICA MATERIA PENAL BRASIL SUICA",2017-04-25
"HC","TRATADO COOPERACAO JURIDICA MATERIA PENAL BRASIL SUICA",2009-03-24
"EXT","TRATADO EXTRADICAO BRASIL ROMENIA",2011-09-06
"HC","TRATADO EXTRADICAO BRASIL URUGUAI",1996-04-10
"EXT","TRATADO EXTRADICAO BRASIL BELGICA",2014-10-21
"EXT","TRATADO EXTRADICAO BRASIL ARGENTINA",2017-12-12
"EXT","TRATADO EXTRADICAO BRASIL ARGENTINA",2022-12-19
"EXT","TRATADO EXTRADICAO BRASIL EUA",2021-12-14
"EXT","TRATADO EXTRADICAO BRASIL EUA",2020-09-22
"EXT","TRATADO EXTRADICAO BRASIL PERU",2015-09-29
"EXT","TRATADO EXTRADICAO BRASIL CHINA",2021-03-15
"EXT","TRATADO EXTRADICAO BRASIL PORTUGAL",2007-04-02
"EXT","TRATADO EXTRADICAO BRASIL PORTUGAL",2006-03-30
"EXT","TRATADO EXTRADICAO BRASIL BELGICA",2023-05-03
"EXT","TRATADO EXTRADICAO BRASIL MEXICO",2022-09-26
"EXT","TRATADO EXTRADICAO BRASIL EUA",1996-03-06
"EXT","TRATADO EXTRADICAO BRASIL EUA",2009-12-18
"EXT","TRATADO EXTRADICAO BRASIL BELGICA",2022-10-03
"EXT","TRATADO EXTRADICAO BRASIL REINO UNIDO GRA BRETANHA IRLANDA NORTE",2021-08-23
"EXT","TRATADO EXTRADICAO BRASIL ITALIA",2022-12-13
"EXT","TRATADO EXTRADICAO BRASIL PORTUGAL",2015-05-26
"EXT","TRATADO TRANSFERENCIA PESSOAS CONDENADAS EXECUCAO PENAS IMPOSTAS POR JULGAMENTOS BRASIL REINO PAISES BAIXOS",2021-03-29
"RE","TRATADO QUE ESTABELECE UMA ZONA LIVRE COMERCIO INSTITUI ASSOCIACAO LATINO AMERICANA LIVRE COMERCIO",2020-08-05
"ADI","TRATADO NAO PROLIFERACAO ARMAS NUCLEARES",2022-10-24
"ADI","TRATADO NAO PROLIFERACAO ARMAS NUCLEARES",2022-10-24
"ARE","TRATADO ASSUNCAO",2023-07-03
